Jenis Limbah,Berat (kg),Kadar Air (%),Estimasi Energi (kWh)
Sekam Padi,210.8,10.69,758.29
Kulit Kakao,486.99,42.54,1360.26
Kulit Kopi,39.7,20.79,126.66
Jerami Padi,409.16,44.05,747.19
Jerami Padi,304.0,46.41,531.73
Kulit Kopi,439.96,12.04,1558.7
Kulit Kakao,201.08,10.29,876.89
Sekam Padi,449.4,42.72,1036.82
Tongkol Jagung,413.62,46.56,905.64
Ampas Tebu,253.45,46.02,275.52
Jerami Padi,359.68,26.99,857.1
Sekam Padi,350.06,16.73,1174.08
Ampas Tebu,207.62,37.74,260.32
Kulit Kopi,255.13,14.2,881.69
Sekam Padi,71.73,40.04,173.23
Serbuk Gergaji,413.2,20.91,1429.75
Serbuk Gergaji,103.84,38.69,278.53
Jerami Padi,298.47,31.33,668.96
Ampas Tebu,263.32,49.13,269.76
Kulit Kelapa Sawit,363.39,27.92,1218.71
Tongkol Jagung,181.04,21.46,582.58
Ampas Tebu,125.05,19.93,201.65
Serbuk Gergaji,224.93,33.43,655.09
Sekam Padi,132.36,20.88,421.8
Kulit Kopi,341.14,29.73,965.54
Kulit Kopi,410.83,25.22,1237.41
Kulit Kelapa Sawit,487.46,36.7,1435.67
Jerami Padi,117.55,48.59,197.24
Kulit Kakao,256.45,12.86,1086.32
Limbah Ubi Kayu,46.08,10.49,74.47
Kulit Kelapa Sawit,285.59,43.87,745.85
Serbuk Gergaji,110.49,13.02,420.46
Limbah Pisang,203.93,37.76,220.36
Kulit Kopi,361.41,31.65,994.96
Jerami Padi,188.03,24.35,464.27
Limbah Pisang,424.91,34.02,486.73
Kulit Kelapa Sawit,476.3,48.7,1136.87
Jerami Padi,445.2,49.67,731.34
Kulit Kelapa Sawit,415.82,32.86,1298.97
Ampas Tebu,75.64,26.94,111.29
Jerami Padi,233.05,40.83,450.08
Sekam Padi,452.51,48.55,937.73
Jerami Padi,295.42,26.73,706.48
Jerami Padi,105.4,12.75,300.15
Jerami Padi,97.57,16.35,266.39
Serbuk Gergaji,288.54,23.27,968.61
Tongkol Jagung,80.14,24.43,248.14
Kulit Kopi,180.38,14.77,619.22
Serbuk Gergaji,250.12,44.37,608.75
Serbuk Gergaji,45.96,16.38,168.14
Limbah Pisang,59.65,11.75,91.39
Tongkol Jagung,479.24,26.9,1435.36
Tongkol Jagung,237.46,48.26,503.39
Sekam Padi,213.08,20.8,679.73
Tongkol Jagung,148.33,11.43,538.28
Serbuk Gergaji,198.49,35.59,559.33
Limbah Pisang,43.53,16.97,62.75
Ampas Tebu,91.67,49.4,93.41
Limbah Ubi Kayu,310.71,37.37,351.36
Limbah Ubi Kayu,105.48,31.28,130.88
Kulit Kakao,308.87,40.35,895.62
Tongkol Jagung,475.84,11.23,1730.68
Limbah Ubi Kayu,387.2,16.2,585.86
Kulit Kelapa Sawit,380.56,25.81,1313.65
Kulit Kopi,498.77,18.55,1636.28
Sekam Padi,225.65,45.59,494.52
Sekam Padi,164.69,14.4,567.81
Sekam Padi,82.48,31.2,228.56
Tongkol Jagung,87.97,45.63,195.97
Jerami Padi,366.33,14.41,1023.37
Limbah Pisang,354.6,13.63,531.72
Kulit Kopi,381.28,13.06,1335.15
Jerami Padi,323.61,31.85,719.82
Kulit Kopi,137.07,38.86,337.55
Sekam Padi,189.49,45.44,416.41
Tongkol Jagung,299.1,17.62,1009.55
Kulit Kakao,402.61,39.47,1184.65
Sekam Padi,252.63,25.84,754.61
Serbuk Gergaji,140.31,42.05,355.73
Limbah Pisang,32.8,46.35,30.55
Limbah Ubi Kayu,33.76,42.23,35.21
Sekam Padi,165.41,48.93,340.25
Serbuk Gergaji,341.79,38.51,919.48
Sekam Padi,212.44,17.21,708.4
Serbuk Gergaji,356.73,17.48,1287.88
Sekam Padi,26.89,35.92,69.4
Kulit Kopi,27.05,42.07,63.12
Kulit Kelapa Sawit,257.09,12.02,1052.4
Sekam Padi,167.46,26.79,493.8
Jerami Padi,444.08,38.63,889.51
Limbah Pisang,216.77,36.7,238.22
Ampas Tebu,177.72,24.9,268.79
Kulit Kopi,87.84,35.06,229.76
Kulit Kopi,256.58,34.86,673.19
Limbah Pisang,195.28,48.44,174.8
Ampas Tebu,248.41,46.67,266.79
Kulit Kopi,350.96,14.72,1205.51
Ampas Tebu,430.59,33.39,577.62
Ampas Tebu,277.06,28.39,399.56
Serbuk Gergaji,80.19,28.09,252.28
Limbah Pisang,17.68,30.89,21.21
Jerami Padi,59.84,25.16,146.17
Jerami Padi,438.88,26.75,1049.27
Limbah Pisang,87.31,40.16,90.71
Limbah Pisang,261.25,26.72,332.37
Serbuk Gergaji,422.58,14.27,1584.97
Tongkol Jagung,493.51,37.4,1265.78
Jerami Padi,135.74,34.21,291.48
Ampas Tebu,478.25,27.75,695.87
Kulit Kopi,233.09,30.37,653.71
Sekam Padi,100.3,41.96,234.47
Serbuk Gergaji,483.09,17.24,1749.15
Kulit Kakao,432.78,35.57,1355.47
Jerami Padi,380.32,26.81,908.52
Ampas Tebu,245.65,41.38,290.0
Limbah Ubi Kayu,139.02,34.14,165.31
Limbah Ubi Kayu,359.21,34.9,422.22
Jerami Padi,85.02,32.04,188.59
Ampas Tebu,173.22,16.01,293.0
Limbah Pisang,167.09,13.87,249.85
Sekam Padi,311.61,40.71,744.15
Kulit Kopi,285.6,37.58,718.04
Kulit Kelapa Sawit,219.73,29.14,724.44
Kulit Kelapa Sawit,285.98,11.67,1175.32
Tongkol Jagung,251.02,15.65,867.53
Serbuk Gergaji,428.34,13.43,1622.31
Sekam Padi,452.91,33.49,1213.29
Kulit Kelapa Sawit,430.19,24.48,1511.59
Sekam Padi,135.28,41.94,316.36
Limbah Ubi Kayu,296.98,33.35,357.39
Sekam Padi,217.91,10.43,786.15
Limbah Ubi Kayu,124.89,35.0,146.57
Kulit Kelapa Sawit,417.95,24.38,1470.53
Kulit Kakao,163.16,41.27,465.81
Jerami Padi,21.35,42.1,40.35
Kulit Kakao,169.19,44.11,459.67
Kulit Kelapa Sawit,256.86,29.64,840.88
Limbah Pisang,247.73,30.84,297.45
Limbah Ubi Kayu,360.96,23.11,501.12
Tongkol Jagung,276.64,29.54,798.63
Kulit Kelapa Sawit,301.0,27.82,1010.87
Serbuk Gergaji,335.26,26.01,1085.26
Limbah Pisang,405.37,44.99,387.14
Limbah Pisang,75.92,41.24,77.45
Limbah Ubi Kayu,24.25,11.94,38.56
Limbah Pisang,31.16,19.65,43.47
Jerami Padi,251.24,40.62,486.93
Kulit Kelapa Sawit,336.01,12.16,1373.27
Tongkol Jagung,42.06,41.87,100.17
Jerami Padi,462.45,35.19,978.23
Kulit Kakao,394.0,22.41,1486.06
Tongkol Jagung,171.1,49.94,350.94
Limbah Ubi Kayu,256.52,46.6,247.33
Limbah Ubi Kayu,192.02,23.09,266.65
Limbah Pisang,166.16,16.77,240.1
Kulit Kelapa Sawit,189.09,35.92,563.77
Serbuk Gergaji,353.01,19.41,1244.65
Ampas Tebu,119.46,11.92,211.9
Limbah Ubi Kayu,120.94,21.32,171.81
Serbuk Gergaji,325.47,15.48,1203.51
Tongkol Jagung,311.47,39.01,778.33
Serbuk Gergaji,371.0,45.39,886.39
Ampas Tebu,30.0,21.99,47.13
Limbah Ubi Kayu,266.14,14.15,412.54
Kulit Kopi,213.21,24.58,647.68
Sekam Padi,263.75,43.63,598.83
Kulit Kakao,313.07,39.1,926.82
Limbah Ubi Kayu,195.42,17.85,289.86
Serbuk Gergaji,396.44,43.37,982.2
Sekam Padi,108.95,14.49,375.24
Sekam Padi,246.28,10.95,883.34
Ampas Tebu,102.48,39.25,125.38
Limbah Ubi Kayu,63.37,48.26,59.2
Limbah Ubi Kayu,174.79,10.87,281.29
Limbah Pisang,394.37,10.31,614.08
Serbuk Gergaji,417.38,18.49,1488.4
Limbah Pisang,46.81,46.29,43.65
Tongkol Jagung,390.91,26.78,1172.72
Jerami Padi,286.55,13.51,808.91
Kulit Kelapa Sawit,404.28,13.42,1628.59
Serbuk Gergaji,274.87,20.99,950.14
Serbuk Gergaji,53.96,49.81,118.49
Limbah Ubi Kayu,86.23,30.62,108.02
Tongkol Jagung,408.53,48.8,857.01
Kulit Kelapa Sawit,163.71,12.81,664.13
Kulit Kakao,297.21,32.92,969.15
Jerami Padi,51.5,46.67,89.64
Ampas Tebu,41.6,10.6,74.9
Jerami Padi,478.93,20.53,1242.25
Kulit Kelapa Sawit,469.86,17.56,1802.27
Tongkol Jagung,84.77,36.16,221.73
Serbuk Gergaji,22.22,28.84,69.18
Kulit Kakao,228.2,17.56,914.51
Tongkol Jagung,331.54,30.71,941.23
Limbah Ubi Kayu,246.83,32.77,299.62
Kulit Kelapa Sawit,369.56,48.66,882.78
Limbah Pisang,386.47,21.66,525.63
Tongkol Jagung,116.11,20.76,376.97
Kulit Kopi,482.48,14.41,1663.29
Serbuk Gergaji,382.85,20.48,1331.94
Sekam Padi,217.23,25.66,650.44
Kulit Kelapa Sawit,262.79,42.82,699.14
Kulit Kakao,436.88,15.64,1791.57
Tongkol Jagung,162.61,43.7,375.1
Limbah Ubi Kayu,350.39,12.24,555.21
Limbah Ubi Kayu,286.09,39.03,314.94
Kulit Kakao,462.04,38.71,1376.59
Serbuk Gergaji,128.99,21.02,445.71
Limbah Pisang,204.84,32.62,239.62
Tongkol Jagung,20.49,46.94,44.54
Ampas Tebu,223.8,19.86,361.2
Limbah Ubi Kayu,122.53,32.2,150.0
Tongkol Jagung,81.05,14.9,282.6
Kulit Kopi,169.52,11.76,602.49
Kulit Kakao,45.01,20.05,174.93
Sekam Padi,368.16,15.77,1249.02
Limbah Ubi Kayu,335.03,17.79,497.3
Serbuk Gergaji,382.72,23.5,1280.92
Jerami Padi,427.27,34.83,908.84
Serbuk Gergaji,488.64,38.77,1308.97
Sekam Padi,472.09,32.63,1281.02
Jerami Padi,57.51,39.11,114.29
Tongkol Jagung,252.0,33.92,682.28
Kulit Kopi,148.61,44.34,333.16
Jerami Padi,178.18,17.66,478.86
Limbah Pisang,24.57,19.04,34.53
Kulit Kakao,496.28,10.7,2154.34
Kulit Kakao,52.71,15.78,215.8
Kulit Kopi,284.57,45.61,623.41
Sekam Padi,361.74,27.83,1051.52
Limbah Pisang,129.3,14.04,192.96
Sekam Padi,223.01,14.18,770.87
Kulit Kelapa Sawit,230.21,49.45,541.45
Ampas Tebu,379.97,24.71,576.13
Limbah Pisang,386.31,31.27,460.96
Jerami Padi,418.14,41.03,804.8
Kulit Kelapa Sawit,433.27,46.16,1085.37
Limbah Pisang,47.8,12.86,72.31
Kulit Kelapa Sawit,120.72,30.57,389.98
Sekam Padi,160.79,32.48,437.28
Limbah Pisang,202.46,18.46,286.61
Kulit Kopi,370.67,48.87,763.36
Jerami Padi,409.33,36.5,848.36
Limbah Pisang,194.77,19.64,271.73
Serbuk Gergaji,275.74,49.83,605.23
Kulit Kopi,171.02,14.94,585.92
Sekam Padi,294.11,14.41,1013.91
Jerami Padi,197.39,43.63,363.17
Sekam Padi,296.57,41.04,704.29
Kulit Kakao,188.19,29.04,649.15
Kulit Kakao,117.3,47.69,298.28
Ampas Tebu,498.89,47.76,524.86
Limbah Ubi Kayu,189.29,11.88,301.17
Kulit Kakao,209.19,22.77,785.35
Serbuk Gergaji,474.26,21.34,1632.11
Kulit Kopi,184.98,25.12,557.9
Kulit Kelapa Sawit,61.65,28.27,205.75
Tongkol Jagung,235.6,14.95,820.99
Ampas Tebu,453.45,43.19,518.79
Limbah Ubi Kayu,250.67,10.24,406.25
Ampas Tebu,305.8,30.69,426.84
Limbah Ubi Kayu,167.5,29.94,211.88
Tongkol Jagung,479.97,30.51,1366.55
Kulit Kopi,493.54,32.23,1347.18
Ampas Tebu,493.93,31.62,680.19
Jerami Padi,260.0,28.18,609.47
Kulit Kakao,404.95,17.46,1624.81
Ampas Tebu,271.62,41.53,319.84
Limbah Pisang,354.57,37.88,382.39
Serbuk Gergaji,330.24,11.21,1282.84
Limbah Ubi Kayu,437.3,15.38,668.13
Ampas Tebu,142.81,49.55,145.1
Kulit Kopi,315.03,33.33,845.96
Jerami Padi,218.81,48.38,368.66
Ampas Tebu,369.17,19.35,599.61
Kulit Kakao,97.97,25.5,354.8
Tongkol Jagung,322.66,14.01,1136.8
Limbah Ubi Kayu,125.04,43.05,128.57
Limbah Pisang,218.11,30.59,262.83
Kulit Kelapa Sawit,390.93,44.88,1002.58
Serbuk Gergaji,414.07,10.01,1630.22
Kulit Kopi,307.68,23.57,947.17
Jerami Padi,158.38,33.88,341.8
Jerami Padi,82.25,17.85,220.54
Limbah Pisang,122.92,46.5,114.17
Ampas Tebu,40.62,43.69,46.06
Limbah Ubi Kayu,453.09,47.65,428.26
Jerami Padi,66.06,20.06,172.36
Serbuk Gergaji,224.38,27.91,707.68
Sekam Padi,303.39,48.24,632.5
Limbah Pisang,165.97,11.04,256.33
Sekam Padi,52.43,28.2,151.62
Sekam Padi,460.49,15.43,1568.56
Kulit Kakao,468.94,18.91,1848.5
Kulit Kakao,186.76,32.45,613.26
Tongkol Jagung,304.04,25.4,929.31
Jerami Padi,28.53,40.05,55.82
Kulit Kopi,333.06,22.57,1038.72
Jerami Padi,106.36,17.46,286.54
Kulit Kelapa Sawit,88.29,19.97,328.76
Serbuk Gergaji,310.98,28.51,972.65
Kulit Kopi,322.64,46.6,693.94
Limbah Ubi Kayu,485.49,25.15,656.12
Limbah Ubi Kayu,283.64,10.76,457.02
Jerami Padi,178.2,45.6,316.4
Tongkol Jagung,335.9,43.98,770.98
Kulit Kakao,401.2,29.3,1378.85
Sekam Padi,259.89,13.92,901.07
Limbah Pisang,120.1,32.18,141.41
Serbuk Gergaji,467.17,12.69,1784.5
Ampas Tebu,181.4,22.18,284.29
Limbah Ubi Kayu,444.06,21.39,630.28
Kulit Kakao,23.02,38.34,69.0
Limbah Pisang,484.77,37.37,527.1
Jerami Padi,339.05,43.03,630.44
Limbah Pisang,444.33,13.3,668.81
Limbah Ubi Kayu,478.67,19.94,691.93
Limbah Pisang,312.19,34.88,352.95
Kulit Kopi,356.28,21.4,1127.92
Ampas Tebu,237.7,15.5,404.5
Kulit Kelapa Sawit,413.99,45.66,1046.7
Tongkol Jagung,30.44,37.21,78.31
Serbuk Gergaji,295.08,25.23,965.26
Kulit Kopi,85.66,22.36,267.87
Tongkol Jagung,402.46,19.52,1327.09
Kulit Kelapa Sawit,238.3,27.66,802.07
Sekam Padi,466.65,25.42,1401.78
Tongkol Jagung,495.47,37.9,1260.66
Jerami Padi,352.59,46.95,610.51
Tongkol Jagung,29.09,21.32,93.78
Serbuk Gergaji,499.33,47.16,1154.33
Limbah Ubi Kayu,342.59,24.85,464.85
Jerami Padi,486.64,30.58,1102.62
Ampas Tebu,70.89,26.08,105.53
Jerami Padi,307.4,31.02,692.09
Kulit Kakao,432.57,42.08,1217.92
Serbuk Gergaji,282.34,49.56,623.05
Kulit Kelapa Sawit,469.48,44.12,1220.63
Tongkol Jagung,432.14,16.59,1476.84
Kulit Kelapa Sawit,312.88,30.63,1009.86
Tongkol Jagung,452.88,28.58,1325.23
Limbah Ubi Kayu,418.68,12.53,661.23
Serbuk Gergaji,159.51,30.9,482.22
Limbah Ubi Kayu,331.02,35.49,385.56
Ampas Tebu,92.69,24.17,141.55
Tongkol Jagung,254.69,14.82,888.87
Kulit Kopi,282.5,17.99,933.15
Tongkol Jagung,186.98,19.82,614.26
Serbuk Gergaji,309.04,34.07,891.41
Limbah Pisang,447.67,43.29,440.75
Serbuk Gergaji,198.32,29.7,609.96
Kulit Kopi,199.34,23.15,617.03
Kulit Kelapa Sawit,440.38,11.04,1822.78
Sekam Padi,189.69,22.17,594.64
Tongkol Jagung,323.72,48.73,680.02
Limbah Pisang,476.96,26.03,612.51
Kulit Kakao,388.67,44.44,1049.73
Kulit Kelapa Sawit,247.51,42.46,662.64
Ampas Tebu,440.08,20.99,700.24
Limbah Pisang,275.46,24.44,361.35
Kulit Kelapa Sawit,394.15,47.32,966.09
Limbah Pisang,275.87,10.28,429.71
Limbah Pisang,261.39,25.63,337.49
Sekam Padi,67.75,38.2,168.64
Jerami Padi,176.97,48.99,294.64
Ampas Tebu,260.98,35.32,339.95
Kulit Kakao,155.18,41.88,438.43
Ampas Tebu,116.55,27.01,171.32
Ampas Tebu,496.12,27.32,726.17
Kulit Kopi,13.69,14.73,47.02
Kulit Kopi,353.65,41.62,831.58
Kulit Kakao,13.77,11.48,59.25
Ampas Tebu,320.21,38.35,397.56
Kulit Kakao,455.65,48.17,1148.02
Limbah Ubi Kayu,260.08,22.18,365.43
Ampas Tebu,356.76,14.58,613.72
Kulit Kopi,341.15,14.82,1170.44
Limbah Pisang,117.36,28.16,146.37
Jerami Padi,150.65,12.38,430.83
Sekam Padi,353.03,16.82,1182.76
Kulit Kelapa Sawit,396.4,18.59,1501.49
Sekam Padi,440.88,43.21,1008.46
Serbuk Gergaji,341.18,37.69,930.08
Serbuk Gergaji,364.29,29.27,1127.27
Jerami Padi,183.52,34.02,395.21
Serbuk Gergaji,436.45,17.19,1581.23
Limbah Ubi Kayu,459.91,18.71,675.03
Jerami Padi,214.76,47.6,367.3
Limbah Pisang,342.53,29.94,416.63
Jerami Padi,285.63,31.04,642.89
Kulit Kelapa Sawit,265.82,31.9,842.26
Limbah Ubi Kayu,147.13,16.43,222.0
Limbah Pisang,373.2,20.16,517.3
Sekam Padi,185.06,21.64,584.08
Limbah Pisang,360.36,39.62,377.75
Limbah Ubi Kayu,174.81,12.66,275.67
Kulit Kopi,260.69,27.28,763.56
Limbah Ubi Kayu,468.49,18.79,686.94
Serbuk Gergaji,191.21,18.41,682.54
Ampas Tebu,61.79,44.08,69.59
Tongkol Jagung,229.09,27.15,683.79
Serbuk Gergaji,402.75,49.44,890.88
Kulit Kelapa Sawit,283.88,43.63,744.55
Limbah Ubi Kayu,102.96,16.52,155.19
Kulit Kelapa Sawit,325.65,13.44,1311.54
Kulit Kopi,370.93,16.73,1244.07
Limbah Pisang,46.68,27.35,58.88
Limbah Pisang,11.88,24.47,15.58
Ampas Tebu,72.69,35.49,94.44
Jerami Padi,305.24,30.97,687.72
Kulit Kelapa Sawit,42.46,23.09,151.94
Kulit Kakao,202.61,36.61,624.33
Tongkol Jagung,457.21,14.12,1608.78
Kulit Kakao,446.87,12.62,1898.14
Tongkol Jagung,292.31,26.65,878.48
Limbah Ubi Kayu,247.58,40.5,265.98
Kulit Kakao,61.46,10.41,267.66
Tongkol Jagung,412.28,35.84,1083.79
Tongkol Jagung,338.72,28.36,994.23
Serbuk Gergaji,177.69,32.68,523.34
Jerami Padi,374.97,39.12,745.09
Kulit Kakao,103.16,23.21,385.08
Kulit Kakao,271.21,23.08,1014.1
Kulit Kopi,390.53,36.28,1002.3
Sekam Padi,283.58,20.41,909.07
Serbuk Gergaji,336.68,30.18,1028.43
Sekam Padi,237.32,41.32,560.91
Limbah Pisang,125.35,38.21,134.47
Kulit Kakao,319.08,48.04,805.94
Jerami Padi,167.36,31.68,373.19
Kulit Kopi,423.2,47.32,897.96
Sekam Padi,396.12,43.37,903.52
Jerami Padi,169.6,49.33,280.49
Tongkol Jagung,459.53,29.79,1321.91
Kulit Kelapa Sawit,240.08,35.75,717.7
Kulit Kopi,382.37,25.13,1153.07
Tongkol Jagung,344.05,15.04,1197.64
Ampas Tebu,294.63,25.55,441.75
Tongkol Jagung,91.75,20.05,300.55
Kulit Kakao,42.93,23.6,159.44
Tongkol Jagung,14.45,37.72,36.87
Serbuk Gergaji,78.3,13.59,296.01
Ampas Tebu,363.23,39.15,445.12
Serbuk Gergaji,294.37,25.4,960.75
Serbuk Gergaji,258.87,18.05,928.13
Kulit Kelapa Sawit,355.9,13.59,1430.88
Jerami Padi,390.2,30.4,886.4
Tongkol Jagung,482.52,30.57,1372.63
Sekam Padi,378.56,22.06,1188.39
Kulit Kopi,126.79,10.03,459.46
Kulit Kelapa Sawit,396.82,27.87,1331.75
Sekam Padi,59.06,45.22,130.31
Kulit Kopi,30.86,24.46,93.89
Limbah Pisang,486.56,12.13,742.26
Limbah Ubi Kayu,76.67,12.98,120.46
Kulit Kopi,393.02,18.37,1292.2
Kulit Kakao,60.05,39.28,177.25
Ampas Tebu,166.53,30.77,232.18
Ampas Tebu,23.09,32.87,31.22
Kulit Kopi,257.25,13.27,898.65
Kulit Kakao,215.89,38.9,641.22
Kulit Kelapa Sawit,452.9,47.88,1098.3
Limbah Ubi Kayu,343.46,23.47,474.59
Tongkol Jagung,24.23,23.18,76.26
Sekam Padi,136.28,27.75,396.58
Tongkol Jagung,471.54,14.02,1661.14
Limbah Pisang,437.15,15.36,642.37
Kulit Kelapa Sawit,233.9,15.55,919.06
Jerami Padi,86.19,25.45,209.72
Sekam Padi,439.4,22.27,1375.67
Limbah Ubi Kayu,489.91,44.08,494.65
Kulit Kopi,434.81,31.68,1196.5
Tongkol Jagung,291.11,25.59,887.52
Limbah Ubi Kayu,91.18,40.66,97.69
Kulit Kopi,20.44,43.56,46.47
Serbuk Gergaji,424.87,22.66,1437.6
Kulit Kelapa Sawit,177.58,10.8,737.01
Kulit Kakao,135.57,34.66,430.6
Tongkol Jagung,218.09,19.2,722.0
Tongkol Jagung,299.78,19.94,983.35
Limbah Ubi Kayu,420.7,35.55,489.56
Kulit Kakao,456.98,28.61,1585.88
Limbah Pisang,449.85,42.35,450.24
Jerami Padi,197.76,13.74,556.78
Jerami Padi,478.68,27.8,1128.02
Kulit Kopi,421.72,12.05,1493.91
Limbah Pisang,246.25,44.92,235.48
Tongkol Jagung,474.86,29.53,1371.07
Serbuk Gergaji,48.9,16.04,179.62
Kulit Kopi,226.56,18.26,745.9
Sekam Padi,345.34,14.68,1186.76
Limbah Ubi Kayu,396.86,43.39,405.64
Limbah Ubi Kayu,158.38,39.78,172.21
Kulit Kopi,421.04,44.47,941.71
Kulit Kopi,78.21,22.48,244.2
Tongkol Jagung,479.77,34.82,1281.26
Limbah Ubi Kayu,133.78,28.36,173.04
Ampas Tebu,364.91,38.12,454.75
Sekam Padi,335.91,20.34,1077.78
Kulit Kakao,417.39,23.07,1560.89
Tongkol Jagung,490.07,40.75,1189.7
Limbah Ubi Kayu,300.01,35.79,347.82
Tongkol Jagung,78.77,18.03,264.55
Kulit Kelapa Sawit,151.74,24.62,532.19
Kulit Kelapa Sawit,178.33,18.37,677.31
Ampas Tebu,248.73,19.5,403.24
Limbah Ubi Kayu,341.22,40.75,365.03
Kulit Kopi,479.05,48.74,989.07
Sekam Padi,274.17,34.73,720.77
Kulit Kopi,484.2,12.93,1698.08
Jerami Padi,135.53,18.48,360.61
Limbah Pisang,473.19,34.22,540.39
Kulit Kakao,187.35,30.37,634.14
Limbah Ubi Kayu,267.72,42.15,279.64
Sekam Padi,122.31,26.8,360.61
Sekam Padi,451.54,44.06,1017.38
Kulit Kelapa Sawit,376.74,23.31,1344.29
Limbah Pisang,397.87,20.02,552.46
Limbah Ubi Kayu,31.81,46.85,30.53
Ampas Tebu,57.72,33.5,77.3
Limbah Pisang,148.64,49.96,129.13
Jerami Padi,63.97,21.29,164.34
Jerami Padi,374.2,33.55,811.59
Kulit Kopi,437.23,17.17,1458.69
Sekam Padi,380.24,48.28,792.1
Kulit Kopi,154.05,11.81,547.2
Limbah Ubi Kayu,472.99,23.74,651.27
Serbuk Gergaji,229.92,13.19,873.22
Limbah Ubi Kayu,283.0,34.91,332.59
Serbuk Gergaji,15.88,37.14,43.67
Limbah Ubi Kayu,358.48,32.87,434.5
Jerami Padi,470.95,40.78,910.29
Kulit Kakao,209.0,42.35,585.71
Ampas Tebu,238.5,25.46,358.02
Limbah Ubi Kayu,307.48,10.63,496.16
Kulit Kelapa Sawit,75.02,10.38,312.82
Jerami Padi,280.56,49.53,462.16
Kulit Kopi,30.02,44.27,67.39
Kulit Kelapa Sawit,392.48,44.89,1006.38
Limbah Pisang,190.79,42.0,192.11
Kulit Kelapa Sawit,131.81,23.79,467.38
Limbah Ubi Kayu,137.83,25.93,184.33
Limbah Ubi Kayu,456.02,33.87,544.49
Kulit Kelapa Sawit,309.46,39.36,873.12
Limbah Pisang,273.94,13.18,412.91
Kulit Kakao,405.3,28.15,1415.59
Ampas Tebu,102.56,12.02,181.72
Ampas Tebu,234.63,16.81,393.09
Jerami Padi,477.83,33.87,1031.35
Sekam Padi,244.8,29.17,698.38
Ampas Tebu,90.81,15.06,155.34
Serbuk Gergaji,43.38,25.12,142.11
Limbah Pisang,485.04,17.89,691.43
Limbah Ubi Kayu,190.35,40.31,205.15
Limbah Ubi Kayu,389.1,25.61,522.62
Ampas Tebu,326.61,32.34,445.04
Kulit Kopi,15.64,28.67,44.93
Kulit Kopi,41.79,34.88,109.61
Jerami Padi,242.84,36.18,505.84
Jerami Padi,258.68,27.32,613.64
Ampas Tebu,498.72,36.93,633.45
Serbuk Gergaji,326.2,22.7,1103.17
Jerami Padi,63.33,13.17,179.48
Kulit Kakao,467.28,49.42,1148.92
Serbuk Gergaji,148.28,19.72,520.8
Kulit Kopi,301.47,28.68,866.01
Kulit Kakao,450.6,22.01,1708.31
Sekam Padi,481.6,41.18,1140.98
Serbuk Gergaji,18.03,37.39,49.39
Sekam Padi,484.53,32.48,1317.71
Limbah Pisang,221.64,41.19,226.3
Limbah Ubi Kayu,102.62,36.23,118.16
Kulit Kakao,487.29,47.57,1241.95
Tongkol Jagung,25.51,32.03,71.04
Tongkol Jagung,152.43,27.68,451.67
Serbuk Gergaji,351.99,18.18,1259.99
Jerami Padi,428.05,35.71,898.2
Jerami Padi,297.86,19.75,780.18
Ampas Tebu,88.18,40.44,105.77
Kulit Kakao,207.47,32.64,679.35
Sekam Padi,12.6,39.72,30.59
Serbuk Gergaji,250.15,27.78,790.38
Limbah Ubi Kayu,414.49,47.62,392.0
Serbuk Gergaji,152.0,18.24,543.7
Ampas Tebu,177.67,13.04,311.15
Sekam Padi,60.93,29.06,174.1
Limbah Ubi Kayu,188.34,38.65,208.63
Ampas Tebu,223.47,23.13,345.95
Kulit Kelapa Sawit,373.15,34.51,1137.03
Kulit Kelapa Sawit,394.29,41.42,1074.68
Kulit Kelapa Sawit,63.04,21.62,229.9
Ampas Tebu,430.43,38.43,533.71
Kulit Kopi,281.03,39.52,684.59
Ampas Tebu,41.07,17.5,68.24
Kulit Kelapa Sawit,314.61,45.31,800.56
Ampas Tebu,141.94,28.94,203.13
Jerami Padi,343.91,49.4,567.98
Sekam Padi,221.41,27.85,643.43
Kulit Kopi,388.78,11.52,1385.53
Serbuk Gergaji,459.05,49.22,1019.84
Serbuk Gergaji,261.35,35.59,736.47
Serbuk Gergaji,57.0,33.23,166.51
Tongkol Jagung,311.49,10.94,1136.62
Sekam Padi,81.12,21.87,255.28
Kulit Kakao,27.34,23.59,101.55
Kulit Kelapa Sawit,396.33,23.46,1411.42
Serbuk Gergaji,133.06,17.04,482.94
Jerami Padi,435.91,31.4,976.01
Sekam Padi,362.78,26.23,1077.93
Ampas Tebu,426.17,49.18,436.17
Kulit Kopi,262.81,18.44,863.35
Tongkol Jagung,217.43,47.02,471.98
Kulit Kopi,483.41,31.17,1340.17
Serbuk Gergaji,316.89,37.19,870.79
Jerami Padi,92.08,40.61,178.49
Limbah Ubi Kayu,400.01,12.7,630.52
Jerami Padi,172.92,49.58,284.57
Jerami Padi,33.24,48.77,55.58
Sekam Padi,52.15,29.07,148.99
Limbah Ubi Kayu,184.09,30.27,231.77
Jerami Padi,272.16,15.02,754.88
Tongkol Jagung,179.05,22.07,571.7
Ampas Tebu,28.48,37.96,35.58
Kulit Kopi,323.97,30.66,904.8
Tongkol Jagung,299.95,40.43,732.09
Serbuk Gergaji,324.15,15.15,1203.31
Jerami Padi,499.35,14.91,1386.82
Kulit Kopi,158.87,30.15,446.97
Sekam Padi,305.89,12.82,1074.11
Serbuk Gergaji,328.56,29.65,1011.25
Ampas Tebu,348.73,48.38,362.53
Sekam Padi,25.68,19.67,83.09
Jerami Padi,45.32,36.61,93.77
Serbuk Gergaji,292.28,28.56,913.52
Ampas Tebu,246.71,32.32,336.27
Serbuk Gergaji,161.76,22.0,552.01
Kulit Kelapa Sawit,334.79,33.65,1033.54
Jerami Padi,455.04,48.94,758.34
Kulit Kopi,226.36,34.07,601.1
Ampas Tebu,342.24,29.39,486.67
Limbah Pisang,114.34,15.75,167.24
Limbah Ubi Kayu,61.43,13.43,96.02
Limbah Ubi Kayu,262.7,46.64,253.1
Kulit Kopi,52.59,33.91,139.99
Sekam Padi,174.26,45.79,380.49
Kulit Kakao,195.22,29.1,672.83
Tongkol Jagung,246.33,35.11,654.91
Kulit Kelapa Sawit,369.49,43.37,973.56
Tongkol Jagung,24.71,27.09,73.82
Limbah Pisang,80.18,21.67,109.04
Kulit Kelapa Sawit,85.6,30.33,277.48
Tongkol Jagung,17.88,30.05,51.24
Sekam Padi,499.65,23.03,1549.01
Kulit Kakao,340.82,39.05,1009.8
Kulit Kopi,186.37,25.64,558.19
Sekam Padi,451.2,22.08,1416.07
Jerami Padi,122.92,49.42,202.93
Jerami Padi,34.82,36.58,72.08
Ampas Tebu,192.36,48.01,201.4
Kulit Kakao,368.98,27.75,1295.91
Ampas Tebu,156.34,29.9,220.71
Tongkol Jagung,42.33,34.96,112.8
Serbuk Gergaji,238.97,27.96,753.17
Sekam Padi,184.05,26.12,547.68
Limbah Pisang,439.84,18.85,619.67
Kulit Kelapa Sawit,298.52,29.23,982.96
Kulit Kelapa Sawit,34.01,43.8,88.93
Serbuk Gergaji,120.35,26.62,386.37
Limbah Pisang,462.41,30.89,554.81
Sekam Padi,140.96,41.93,329.7
Limbah Ubi Kayu,348.51,16.74,523.92
Jerami Padi,279.47,49.63,459.45
Serbuk Gergaji,449.31,31.5,1346.53
Kulit Kopi,330.77,47.77,695.84
Jerami Padi,439.83,22.82,1107.96
Kulit Kelapa Sawit,461.52,42.64,1231.72
Kulit Kopi,169.52,46.77,363.45
Kulit Kopi,226.7,29.18,646.66
Limbah Ubi Kayu,61.94,49.56,56.41
Sekam Padi,227.95,19.96,734.87
Limbah Ubi Kayu,79.71,13.26,124.84
Sekam Padi,191.84,33.9,510.75
Kulit Kopi,276.28,48.56,572.42
Sekam Padi,429.41,19.05,1400.09
Sekam Padi,98.11,27.83,285.19
Limbah Pisang,145.55,28.85,179.79
Jerami Padi,146.25,39.15,290.46
Sekam Padi,286.71,49.44,583.87
Sekam Padi,383.25,30.41,1074.22
Limbah Pisang,204.81,16.07,298.43
Limbah Pisang,341.51,37.28,371.87
Kulit Kakao,306.76,19.08,1206.67
Kulit Kelapa Sawit,477.92,35.29,1438.93
Limbah Ubi Kayu,46.17,48.6,42.85
Kulit Kakao,358.73,10.66,1557.93
Limbah Ubi Kayu,435.58,10.78,701.68
Jerami Padi,486.9,37.21,997.85
Serbuk Gergaji,357.07,28.01,1124.61
Kulit Kelapa Sawit,443.52,38.47,1269.73
Sekam Padi,271.23,43.51,617.13
Ampas Tebu,281.11,46.61,302.25
Kulit Kopi,154.89,22.54,483.24
Ampas Tebu,155.1,21.79,244.29
Ampas Tebu,116.14,29.63,164.59
Kulit Kelapa Sawit,163.45,45.69,413.03
Limbah Pisang,462.28,16.21,672.47
Limbah Ubi Kayu,353.1,47.67,333.63
Kulit Kelapa Sawit,186.98,45.73,472.14
Serbuk Gergaji,385.83,40.96,996.6
Serbuk Gergaji,17.28,47.99,39.32
Jerami Padi,188.14,41.46,359.48
Kulit Kopi,189.16,14.16,654.01
Kulit Kakao,241.45,22.05,914.91
Kulit Kakao,65.56,27.84,229.97
Kulit Kelapa Sawit,73.08,14.39,291.1
Ampas Tebu,286.87,33.82,382.34
Limbah Pisang,487.15,44.35,470.66
Serbuk Gergaji,444.16,22.83,1499.57
Kulit Kelapa Sawit,487.72,28.44,1623.88
Sekam Padi,347.66,19.44,1128.08
Sekam Padi,171.2,34.63,450.76
Kulit Kakao,68.59,29.77,234.16
Kulit Kopi,334.07,10.12,1209.39
Sekam Padi,46.08,42.04,107.57
Limbah Ubi Kayu,152.54,41.25,161.81
Limbah Ubi Kayu,20.67,23.27,28.64
Tongkol Jagung,495.55,47.91,1057.62
Kulit Kelapa Sawit,27.66,24.56,97.09
Limbah Pisang,63.51,29.86,77.34
Sekam Padi,316.39,23.0,981.25
Ampas Tebu,346.79,29.88,489.72
Serbuk Gergaji,91.14,22.09,310.66
Tongkol Jagung,386.87,17.73,1304.06
Kulit Kakao,247.82,36.29,767.5
Serbuk Gergaji,232.62,11.71,898.54
Kulit Kelapa Sawit,336.88,28.44,1121.65
Limbah Ubi Kayu,236.4,34.08,281.37
Ampas Tebu,439.55,14.0,761.28
Serbuk Gergaji,325.56,44.86,785.37
Limbah Pisang,377.82,18.08,537.34
Limbah Ubi Kayu,124.68,25.41,167.91
Kulit Kelapa Sawit,52.46,47.66,127.75
Kulit Kakao,172.45,48.79,429.29
Kulit Kopi,354.93,25.46,1065.61
Serbuk Gergaji,179.65,13.97,676.17
Serbuk Gergaji,489.77,17.03,1777.83
Serbuk Gergaji,402.2,36.43,1118.59
Kulit Kopi,189.07,38.4,469.1
Serbuk Gergaji,96.48,28.03,303.79
Limbah Pisang,112.4,28.03,140.44
Kulit Kakao,409.63,41.82,1158.51
Kulit Kelapa Sawit,163.1,19.04,614.38
Kulit Kopi,115.14,26.08,342.81
Kulit Kakao,35.93,38.89,106.73
Jerami Padi,141.49,37.33,289.41
Limbah Pisang,319.52,44.87,305.82
Serbuk Gergaji,288.56,26.97,921.97
Limbah Ubi Kayu,465.62,19.06,680.46
Ampas Tebu,481.71,25.43,723.41
Limbah Pisang,114.0,47.21,104.48
Ampas Tebu,231.93,13.98,401.78
Limbah Pisang,258.31,11.19,398.27
Tongkol Jagung,167.82,28.97,488.4
Sekam Padi,122.85,32.98,331.62
Sekam Padi,103.88,23.67,319.37
Limbah Ubi Kayu,21.51,26.14,28.69
Kulit Kelapa Sawit,346.56,34.59,1054.71
Kulit Kelapa Sawit,322.4,41.49,877.68
Sekam Padi,107.89,37.5,271.6
Limbah Pisang,78.79,43.57,77.19
Serbuk Gergaji,202.81,31.7,606.02
Limbah Pisang,34.07,47.23,31.21
Serbuk Gergaji,385.09,38.88,1029.73
Serbuk Gergaji,364.47,11.64,1408.95
Serbuk Gergaji,124.5,18.11,446.04
Serbuk Gergaji,25.31,34.18,72.88
Limbah Pisang,445.32,44.83,426.53
Kulit Kopi,373.9,23.52,1151.78
Kulit Kopi,15.0,23.42,46.27
Sekam Padi,140.59,24.42,427.98
Sekam Padi,311.24,11.28,1112.2
Kulit Kopi,134.52,49.33,274.54
Jerami Padi,121.39,37.5,247.63
Ampas Tebu,484.69,29.9,684.25
Tongkol Jagung,190.64,37.93,484.83
Jerami Padi,280.3,22.17,712.04
Limbah Ubi Kayu,477.85,24.67,649.94
Jerami Padi,222.45,19.5,584.47
Kulit Kelapa Sawit,382.51,44.81,982.24
Limbah Ubi Kayu,100.8,23.89,138.52
Sekam Padi,157.28,15.86,533.02
Kulit Kelapa Sawit,263.1,24.93,918.97
Ampas Tebu,173.27,31.02,240.7
Kulit Kelapa Sawit,485.47,35.37,1459.85
Limbah Ubi Kayu,429.48,30.09,542.12
Kulit Kopi,444.06,46.71,953.13
Ampas Tebu,165.54,48.96,170.16
Kulit Kopi,131.38,44.25,295.01
Jerami Padi,143.52,21.91,365.8
Serbuk Gergaji,290.19,20.22,1012.87
Kulit Kopi,478.1,49.23,977.67
Sekam Padi,355.7,44.28,798.29
Serbuk Gergaji,117.85,46.38,276.46
Serbuk Gergaji,168.63,10.21,662.43
Sekam Padi,492.49,33.28,1323.48
Limbah Ubi Kayu,316.28,46.13,307.63
Limbah Ubi Kayu,350.73,28.66,451.77
Kulit Kakao,42.52,29.78,145.14
Limbah Pisang,275.84,42.98,273.06
Serbuk Gergaji,25.28,15.87,93.05
Limbah Ubi Kayu,220.91,27.56,288.94
Tongkol Jagung,75.47,26.43,227.49
Serbuk Gergaji,185.95,15.77,685.24
Jerami Padi,38.03,14.8,105.76
Jerami Padi,176.2,22.4,446.28
Kulit Kelapa Sawit,329.0,25.93,1133.84
Kulit Kopi,355.87,19.26,1157.3
Sekam Padi,492.81,41.26,1165.95
Kulit Kakao,127.98,41.67,362.89
Sekam Padi,251.82,22.03,790.83
Tongkol Jagung,101.2,16.69,345.44
Serbuk Gergaji,455.24,39.54,1204.17
Kulit Kakao,320.58,10.87,1388.98
Ampas Tebu,392.59,45.1,434.06
Serbuk Gergaji,374.31,21.71,1282.08
Limbah Ubi Kayu,351.23,20.52,504.03
Serbuk Gergaji,261.19,21.63,895.54
Kulit Kakao,80.56,31.76,267.24
Limbah Ubi Kayu,58.3,16.31,88.1
Limbah Pisang,310.19,16.7,448.59
Sekam Padi,357.45,11.43,1275.17
Limbah Ubi Kayu,16.71,48.89,15.42
Tongkol Jagung,425.68,12.59,1524.52
Kulit Kopi,26.59,47.84,55.86
Ampas Tebu,338.6,18.01,559.09
Limbah Ubi Kayu,305.97,31.17,380.25
Sekam Padi,319.35,12.18,1129.6
Kulit Kelapa Sawit,268.29,14.96,1061.55
Ampas Tebu,183.16,47.79,192.58
Limbah Ubi Kayu,102.25,14.99,156.94
Jerami Padi,65.89,48.08,111.66
Ampas Tebu,97.38,27.72,141.75
Limbah Pisang,225.24,29.6,275.29
Limbah Pisang,412.74,17.14,593.74
Limbah Ubi Kayu,151.42,26.09,202.07
Kulit Kakao,309.62,30.82,1041.23
Kulit Kopi,183.02,45.35,402.86
Kulit Kelapa Sawit,206.76,32.15,652.72
Kulit Kopi,401.82,12.58,1414.84
Sekam Padi,131.0,22.58,408.5
Kulit Kelapa Sawit,136.45,44.55,352.04
Jerami Padi,349.07,19.79,913.85
Tongkol Jagung,300.87,15.33,1043.75
Ampas Tebu,235.91,36.52,301.59
Limbah Ubi Kayu,256.34,49.27,234.8
Kulit Kakao,330.78,18.72,1306.95
Kulit Kelapa Sawit,253.63,23.05,908.07
Sekam Padi,283.54,17.45,942.75
Ampas Tebu,401.0,22.8,623.44
Tongkol Jagung,382.7,40.27,936.57
Serbuk Gergaji,81.86,44.43,199.02
Kulit Kakao,452.98,33.88,1455.95
Limbah Pisang,432.75,19.59,604.12
Kulit Kakao,497.48,37.65,1507.81
Sekam Padi,483.71,15.84,1639.67
Sekam Padi,389.96,40.42,935.81
Sekam Padi,334.36,47.4,708.38
Kulit Kakao,261.58,25.34,949.35
Ampas Tebu,301.41,45.26,332.28
Tongkol Jagung,186.12,26.07,563.77
Sekam Padi,309.53,13.42,1079.41
Sekam Padi,136.63,12.3,482.63
Kulit Kopi,87.09,36.82,221.62
Serbuk Gergaji,430.12,45.97,1016.72
Ampas Tebu,418.5,12.63,736.37
Kulit Kelapa Sawit,25.85,14.79,102.49
Kulit Kopi,374.25,45.81,816.86
Ampas Tebu,472.65,45.55,518.29
Jerami Padi,334.58,23.78,832.35
Ampas Tebu,320.06,26.29,475.11
Sekam Padi,69.76,46.84,149.37
Jerami Padi,448.13,35.53,942.97
Kulit Kelapa Sawit,206.67,44.05,538.01
Limbah Pisang,260.38,12.34,396.27
Kulit Kelapa Sawit,386.73,33.44,1197.66
Limbah Pisang,297.8,23.14,397.38
Kulit Kopi,386.94,42.8,891.47
Limbah Ubi Kayu,37.22,10.06,60.44
Limbah Pisang,439.96,41.94,443.47
Ampas Tebu,456.24,34.5,601.82
Tongkol Jagung,238.92,37.35,613.29
Serbuk Gergaji,90.27,26.89,288.73
Jerami Padi,220.96,48.13,374.08
Sekam Padi,390.73,15.22,1334.25
Tongkol Jagung,47.78,26.53,143.83
Limbah Pisang,223.54,49.45,196.18
Jerami Padi,109.42,44.07,199.75
Serbuk Gergaji,373.4,13.99,1405.08
Limbah Pisang,213.59,13.3,321.5
Kulit Kelapa Sawit,194.27,12.71,789.01
Ampas Tebu,38.84,49.15,39.77
Kulit Kakao,229.81,40.45,665.25
Limbah Pisang,29.91,46.31,27.88
Kulit Kelapa Sawit,137.63,35.5,413.03
Limbah Ubi Kayu,118.49,13.26,185.57
Tongkol Jagung,472.81,32.28,1311.88
Limbah Ubi Kayu,23.97,14.53,36.99
Serbuk Gergaji,365.53,34.98,1039.8
Ampas Tebu,324.15,16.06,547.96
Kulit Kakao,466.13,41.86,1317.4
Ampas Tebu,305.79,30.14,430.22
Limbah Pisang,279.7,18.85,394.06
Kulit Kopi,293.17,40.44,703.3
Ampas Tebu,96.26,45.24,106.16
Limbah Pisang,399.21,24.94,520.22
Kulit Kelapa Sawit,306.93,47.83,745.03
Limbah Ubi Kayu,335.44,42.73,346.86
Kulit Kelapa Sawit,365.1,12.49,1486.56
Tongkol Jagung,254.23,19.32,840.39
Kulit Kelapa Sawit,498.48,21.33,1824.61
Jerami Padi,297.07,33.43,645.47
Tongkol Jagung,187.66,10.53,687.92
Jerami Padi,310.89,15.0,862.5
Serbuk Gergaji,288.14,29.37,890.37
Limbah Pisang,324.75,43.95,316.01
Sekam Padi,389.92,48.14,814.47
Ampas Tebu,391.26,28.96,559.76
Limbah Pisang,397.36,34.52,451.72
Kulit Kopi,133.85,38.18,333.28
Kulit Kelapa Sawit,436.28,34.58,1327.97
Tongkol Jagung,142.62,42.83,334.07
Jerami Padi,455.8,28.95,1057.0
Ampas Tebu,79.58,31.19,110.28
Ampas Tebu,477.17,17.06,797.03
Kulit Kelapa Sawit,327.78,28.01,1097.91
Limbah Ubi Kayu,78.87,28.32,102.08
Kulit Kakao,470.42,47.2,1207.41
Limbah Ubi Kayu,48.94,37.31,55.4
Limbah Ubi Kayu,474.82,31.7,585.55
Serbuk Gergaji,404.35,41.72,1030.99
Kulit Kelapa Sawit,469.99,30.86,1511.93
Kulit Kakao,107.02,20.54,413.38
Jerami Padi,15.22,25.0,37.26
Limbah Pisang,61.92,18.06,88.09
Ampas Tebu,26.81,39.99,32.4
Serbuk Gergaji,90.67,10.38,355.51
Limbah Ubi Kayu,74.74,43.62,76.08
Kulit Kelapa Sawit,34.82,15.32,137.19
Kulit Kelapa Sawit,255.98,34.18,783.93
Tongkol Jagung,156.62,12.08,564.19
Serbuk Gergaji,116.71,17.95,418.95
Sekam Padi,451.13,22.58,1406.76
Ampas Tebu,357.68,34.07,474.91
Ampas Tebu,369.12,40.73,440.59
Kulit Kopi,163.62,10.39,590.55
Limbah Pisang,257.65,20.99,353.42
Kulit Kopi,164.13,26.81,483.84
Jerami Padi,421.97,22.97,1060.91
Kulit Kelapa Sawit,397.57,12.89,1611.37
Limbah Pisang,223.43,14.26,332.58
Tongkol Jagung,391.46,43.0,914.22
Tongkol Jagung,287.53,42.87,673.03
Kulit Kopi,95.44,34.24,252.79
Kulit Kelapa Sawit,432.73,45.5,1097.3
Ampas Tebu,55.61,41.55,65.46
Limbah Ubi Kayu,326.39,40.38,351.35
Jerami Padi,200.88,16.67,546.35
Tongkol Jagung,19.44,20.86,63.04
Tongkol Jagung,467.65,17.22,1586.12
Tongkol Jagung,341.85,15.5,1183.54
Limbah Pisang,197.49,33.81,226.94
Limbah Pisang,257.42,38.29,275.79
Kulit Kelapa Sawit,453.62,11.78,1861.97
Jerami Padi,440.57,33.68,953.66
Tongkol Jagung,75.58,40.09,185.52
Sekam Padi,135.22,33.4,362.73
Kulit Kelapa Sawit,374.07,24.14,1320.32
Kulit Kelapa Sawit,281.65,21.78,1025.04
Kulit Kopi,361.9,10.32,1307.22
Tongkol Jagung,11.69,16.05,40.21
Serbuk Gergaji,429.23,46.21,1010.11
Ampas Tebu,112.14,16.01,189.68
Limbah Ubi Kayu,199.77,28.06,259.48
Sekam Padi,171.05,49.09,350.75
Kulit Kopi,127.23,15.34,433.84
Ampas Tebu,268.15,10.75,481.97
Kulit Kakao,138.72,19.59,542.23
Limbah Ubi Kayu,472.07,38.34,525.56
Limbah Ubi Kayu,211.89,42.98,218.15
Tongkol Jagung,485.49,25.01,1491.67
Tongkol Jagung,232.78,26.06,705.2
Tongkol Jagung,227.23,19.94,745.37
Jerami Padi,253.49,29.08,586.77
Ampas Tebu,186.72,31.13,258.97
Serbuk Gergaji,255.87,42.49,643.78
Sekam Padi,172.43,45.76,376.7
Kulit Kopi,448.64,39.81,1087.65
Tongkol Jagung,443.74,49.07,925.96
Jerami Padi,150.77,45.12,270.06
Limbah Pisang,69.94,31.65,82.99
Kulit Kelapa Sawit,138.49,37.78,400.92
Kulit Kelapa Sawit,497.51,45.34,1265.27
Limbah Pisang,155.12,24.29,203.89
Kulit Kelapa Sawit,114.65,29.22,377.57
Limbah Pisang,94.21,35.38,105.69
Tongkol Jagung,386.13,12.44,1385.25
Serbuk Gergaji,436.76,32.95,1281.21
Limbah Ubi Kayu,393.24,31.39,487.14
Kulit Kopi,74.63,24.46,227.07
Kulit Kakao,433.77,40.28,1259.26
Jerami Padi,276.76,28.78,643.34
Kulit Kakao,306.58,38.03,923.55
Jerami Padi,137.32,20.31,357.17
Tongkol Jagung,428.36,22.36,1362.65
Kulit Kelapa Sawit,490.8,13.02,1986.26
Kulit Kelapa Sawit,79.11,14.54,314.56
Kulit Kelapa Sawit,123.24,30.01,401.33
Ampas Tebu,410.53,26.8,605.19
Jerami Padi,198.37,49.08,329.69
Tongkol Jagung,300.51,25.66,915.32
Sekam Padi,30.81,17.89,101.9
Limbah Ubi Kayu,377.69,30.51,473.88
Limbah Ubi Kayu,342.83,19.33,499.35
Kulit Kelapa Sawit,347.68,17.09,1341.22
Kulit Kopi,230.25,36.79,586.21
Jerami Padi,66.39,37.9,134.56
Serbuk Gergaji,228.64,34.92,651.0
Limbah Ubi Kayu,317.39,42.84,327.56
Limbah Pisang,481.39,13.47,723.17
Serbuk Gergaji,112.44,17.88,403.97
Kulit Kopi,437.22,14.45,1506.56
Limbah Ubi Kayu,324.36,19.34,472.39
Sekam Padi,419.51,39.91,1015.34
Ampas Tebu,135.53,49.01,139.17
Limbah Ubi Kayu,357.41,46.45,345.57
Tongkol Jagung,192.99,49.81,396.86
Jerami Padi,233.68,12.3,668.89
Sekam Padi,73.5,49.32,150.03
Jerami Padi,12.62,33.21,27.51
Kulit Kopi,409.43,24.87,1238.96
Kulit Kelapa Sawit,350.01,16.35,1362.26
Tongkol Jagung,477.93,38.78,1198.8
Tongkol Jagung,21.39,12.59,76.61
Sekam Padi,207.99,24.32,634.0
Kulit Kopi,209.98,14.53,722.86
Kulit Kakao,83.11,25.76,299.93
Kulit Kopi,183.12,27.86,532.08
Limbah Ubi Kayu,190.83,37.5,215.35
Kulit Kopi,77.69,33.84,207.03
Sekam Padi,314.5,37.45,792.34
Limbah Pisang,74.42,34.29,84.9
Ampas Tebu,218.51,12.39,385.53
Tongkol Jagung,266.94,11.15,971.76
Sekam Padi,427.1,11.73,1518.48
Kulit Kelapa Sawit,356.69,20.8,1314.4
Jerami Padi,476.45,42.86,888.57
Sekam Padi,338.6,26.16,1007.03
Limbah Pisang,447.61,42.29,448.46
Kulit Kopi,374.23,14.23,1292.82
Jerami Padi,428.79,34.1,922.29
Kulit Kopi,434.98,37.54,1094.3
Ampas Tebu,380.67,26.3,565.0
Serbuk Gergaji,294.29,16.78,1071.47
Sekam Padi,277.76,25.91,828.89
Kulit Kopi,13.64,34.39,36.05
Kulit Kelapa Sawit,449.19,12.49,1828.94
Ampas Tebu,305.83,14.57,526.17
Limbah Ubi Kayu,114.76,39.76,124.82
Sekam Padi,326.17,27.17,956.8
Ampas Tebu,146.15,20.08,235.23
Jerami Padi,179.67,42.16,339.19
Limbah Pisang,86.27,20.85,118.55
Kulit Kopi,382.1,10.67,1374.8
Sekam Padi,280.52,18.25,923.67
Limbah Ubi Kayu,493.05,15.55,751.8
Kulit Kopi,251.24,46.61,540.27
Kulit Kelapa Sawit,414.05,47.09,1019.3
Kulit Kelapa Sawit,53.07,28.76,175.91
Ampas Tebu,271.47,25.24,408.72
Sekam Padi,491.6,11.95,1743.44
Sekam Padi,302.47,39.73,734.26
Kulit Kopi,344.34,19.61,1114.95
Kulit Kakao,49.73,21.51,189.74
Jerami Padi,90.03,27.13,214.13
Serbuk Gergaji,281.31,10.55,1100.89
Ampas Tebu,435.17,31.64,599.1
Ampas Tebu,312.24,32.0,427.6
Kulit Kopi,193.81,21.4,613.57
Limbah Ubi Kayu,254.8,39.02,280.54
Kulit Kelapa Sawit,169.54,38.06,488.6
Kulit Kakao,34.22,30.88,114.98
Kulit Kelapa Sawit,451.35,19.31,1694.52
Kulit Kopi,387.92,46.2,840.6
Tongkol Jagung,20.84,37.39,53.46
Limbah Pisang,105.0,37.64,113.68
Limbah Pisang,243.84,44.68,234.19
Limbah Ubi Kayu,113.65,28.79,146.12
Limbah Ubi Kayu,479.54,24.77,651.37
Kulit Kelapa Sawit,77.68,49.86,181.22
Kulit Kopi,267.69,43.59,608.21
Limbah Pisang,254.88,37.67,275.81
Kulit Kopi,486.73,21.76,1533.85
Limbah Ubi Kayu,129.82,25.23,175.26
Limbah Pisang,212.11,18.43,300.38
Kulit Kelapa Sawit,388.19,11.85,1592.13
Limbah Pisang,19.3,43.42,18.96
Tongkol Jagung,244.81,26.59,736.33
Limbah Ubi Kayu,162.36,10.74,261.67
Sekam Padi,36.05,29.67,102.12
Kulit Kopi,178.19,10.21,644.43
Kulit Kopi,275.49,33.43,738.67
Kulit Kelapa Sawit,78.49,41.21,214.7
Limbah Ubi Kayu,478.41,48.36,446.06
Jerami Padi,347.1,41.77,659.69
Ampas Tebu,200.01,38.25,248.73
Serbuk Gergaji,250.63,37.34,687.07
Limbah Ubi Kayu,266.01,33.63,318.77
Jerami Padi,294.9,11.06,856.07
Jerami Padi,387.53,37.94,784.97
Kulit Kakao,353.87,27.49,1247.32
Sekam Padi,23.22,12.2,82.11
Limbah Pisang,167.69,14.12,250.02
Kulit Kopi,268.6,20.0,865.49
Tongkol Jagung,225.29,40.98,544.79
Jerami Padi,266.97,36.64,552.09
Kulit Kelapa Sawit,107.65,29.89,351.16
Kulit Kopi,481.76,17.02,1610.16
Limbah Ubi Kayu,140.37,28.92,180.15
Limbah Pisang,137.99,41.87,139.26
Limbah Ubi Kayu,58.47,15.11,89.62
Tongkol Jagung,110.2,35.01,293.44
Limbah Pisang,404.92,15.06,597.12
Jerami Padi,373.33,26.2,899.26
Kulit Kelapa Sawit,90.46,16.05,353.34
Kulit Kelapa Sawit,102.62,35.46,308.16
Jerami Padi,452.99,10.96,1316.46
Tongkol Jagung,236.18,38.57,594.45
Tongkol Jagung,21.69,45.29,48.62
Jerami Padi,277.83,32.54,611.73
Limbah Pisang,177.77,32.66,207.83
Limbah Ubi Kayu,431.07,39.54,470.57
Sekam Padi,47.31,44.42,105.91
Kulit Kelapa Sawit,367.73,15.15,1451.75
Limbah Pisang,69.32,18.77,97.76
Kulit Kelapa Sawit,435.45,38.33,1249.47
Kulit Kopi,287.51,30.03,810.27
Jerami Padi,328.16,15.38,906.35
Jerami Padi,197.65,39.09,392.94
Serbuk Gergaji,49.5,46.23,116.45
Tongkol Jagung,253.65,36.25,662.53
Limbah Pisang,289.15,45.9,271.58
Limbah Pisang,393.04,45.28,373.39
Tongkol Jagung,258.38,45.78,573.99
Jerami Padi,256.59,19.1,677.52
Tongkol Jagung,126.84,33.59,345.13
Kulit Kelapa Sawit,198.57,13.22,801.76
Limbah Ubi Kayu,115.5,11.76,184.02
Ampas Tebu,365.22,40.14,440.28
Limbah Ubi Kayu,277.41,16.75,416.98
Serbuk Gergaji,85.14,38.92,227.52
Kulit Kelapa Sawit,111.54,38.38,319.79
Kulit Kopi,456.84,21.45,1445.36
Kulit Kopi,340.92,11.3,1217.98
Kulit Kelapa Sawit,259.84,28.45,865.02
Limbah Pisang,402.63,31.61,478.05
Kulit Kelapa Sawit,377.2,15.71,1479.31
Kulit Kopi,180.94,39.87,438.22
Limbah Ubi Kayu,153.14,35.13,179.37
Tongkol Jagung,390.34,44.99,879.78
Kulit Kelapa Sawit,414.6,43.42,1091.45
Ampas Tebu,405.55,32.93,547.78
Jerami Padi,155.72,26.94,371.33
Serbuk Gergaji,160.23,19.57,563.82
Limbah Pisang,339.22,20.12,470.43
Kulit Kelapa Sawit,213.82,22.93,766.74
Kulit Kopi,493.95,27.89,1434.64
Ampas Tebu,446.68,23.42,688.89
Ampas Tebu,404.4,28.29,584.02
Serbuk Gergaji,471.8,34.93,1343.13
Serbuk Gergaji,362.18,42.96,903.82
Kulit Kopi,66.28,43.01,152.14
Sekam Padi,373.52,38.13,930.81
Kulit Kopi,378.94,27.28,1109.92
Jerami Padi,237.54,23.89,590.08
Kulit Kelapa Sawit,17.9,21.67,65.24
Sekam Padi,467.71,48.37,972.62
Kulit Kopi,485.86,10.18,1757.72
Ampas Tebu,156.65,44.15,176.19
Kulit Kelapa Sawit,169.44,37.4,493.52
Jerami Padi,499.75,38.11,1009.51
Kulit Kelapa Sawit,149.96,44.04,390.45
Tongkol Jagung,442.23,17.81,1489.21
Ampas Tebu,112.11,22.79,174.32
Limbah Ubi Kayu,29.12,45.74,28.53
Limbah Pisang,437.02,38.05,470.02
Serbuk Gergaji,431.26,44.42,1048.66
Sekam Padi,489.97,44.38,1097.66
Jerami Padi,456.75,10.65,1332.01
Tongkol Jagung,147.46,44.74,333.87
Kulit Kelapa Sawit,241.26,10.66,1002.87
Tongkol Jagung,192.62,35.03,512.75
Ampas Tebu,499.57,46.62,537.04
Limbah Ubi Kayu,263.52,13.43,411.9
Limbah Pisang,181.65,35.2,204.36
Kulit Kopi,87.36,28.17,252.75
Serbuk Gergaji,232.02,38.34,625.9
Kulit Kakao,275.22,11.95,1178.0
Kulit Kelapa Sawit,361.19,16.77,1398.71
Tongkol Jagung,303.98,16.77,1036.61
Serbuk Gergaji,314.74,18.26,1125.55
Serbuk Gergaji,62.53,13.87,235.62
Kulit Kelapa Sawit,64.18,12.85,260.24
Limbah Ubi Kayu,392.11,30.41,492.68
Jerami Padi,413.28,39.5,816.08
Limbah Pisang,245.7,17.56,351.66
Jerami Padi,212.24,44.89,381.76
Kulit Kelapa Sawit,441.64,21.62,1610.59
Limbah Ubi Kayu,476.54,28.29,617.01
Jerami Padi,28.43,36.32,59.09
Tongkol Jagung,190.47,24.33,590.53
Tongkol Jagung,464.06,19.22,1535.92
Jerami Padi,16.5,19.1,43.57
Ampas Tebu,100.32,25.24,151.04
Ampas Tebu,123.29,39.08,151.26
Jerami Padi,479.45,21.89,1222.32
Tongkol Jagung,116.3,24.66,359.0
Tongkol Jagung,460.39,41.85,1096.9
Kulit Kelapa Sawit,406.19,44.69,1045.31
Limbah Pisang,478.01,43.81,466.31
Jerami Padi,159.05,41.1,305.76
Jerami Padi,470.95,46.23,826.51
Limbah Ubi Kayu,474.1,39.12,521.14
Sekam Padi,461.02,17.44,1533.05
Kulit Kelapa Sawit,241.21,35.89,719.5
Tongkol Jagung,228.03,11.87,823.39
Limbah Ubi Kayu,189.54,37.88,212.59
Tongkol Jagung,25.15,38.4,63.48
Kulit Kakao,268.86,32.08,887.69
Kulit Kakao,107.92,37.4,328.41
Limbah Pisang,442.16,12.39,672.53
Serbuk Gergaji,36.27,42.62,91.05
Limbah Pisang,152.16,34.96,171.81
Limbah Pisang,15.0,15.79,21.93
Sekam Padi,365.41,28.81,1047.77
Kulit Kakao,74.37,33.69,239.72
Limbah Pisang,37.46,42.98,37.08
Serbuk Gergaji,151.56,36.07,423.9
Kulit Kopi,436.5,47.66,920.2
Jerami Padi,410.54,27.7,968.79
Serbuk Gergaji,40.56,31.21,122.07
Ampas Tebu,366.06,48.32,380.99
Kulit Kakao,191.43,29.02,660.51
Kulit Kelapa Sawit,342.27,16.76,1325.6
Limbah Ubi Kayu,205.61,20.75,294.21
Sekam Padi,393.92,25.0,1189.97
Limbah Pisang,249.9,11.69,383.14
Limbah Ubi Kayu,462.93,33.59,555.09
Ampas Tebu,409.22,42.97,470.0
Ampas Tebu,224.49,13.61,390.57
Limbah Ubi Kayu,139.6,19.28,203.46
Limbah Ubi Kayu,409.84,29.96,518.29
Sekam Padi,485.12,22.53,1513.73
Serbuk Gergaji,304.25,40.45,792.67
Jerami Padi,153.39,20.0,400.52
Kulit Kakao,457.21,37.08,1398.43
Tongkol Jagung,129.35,10.89,472.26
Limbah Ubi Kayu,78.01,38.75,86.27
Kulit Kelapa Sawit,115.11,38.65,328.58
Tongkol Jagung,316.49,46.81,689.73
Kulit Kelapa Sawit,456.12,49.86,1064.08
Tongkol Jagung,134.46,14.63,470.31
Serbuk Gergaji,356.3,18.05,1277.45
Serbuk Gergaji,68.81,32.63,202.81
Jerami Padi,471.12,43.49,868.94
Ampas Tebu,34.2,45.5,37.54
Limbah Ubi Kayu,456.07,37.84,511.86
Ampas Tebu,462.82,19.91,746.49
Limbah Ubi Kayu,482.97,33.82,577.11
Ampas Tebu,75.63,18.29,124.45
Kulit Kelapa Sawit,318.4,48.21,767.24
Jerami Padi,243.38,40.57,472.09
Kulit Kakao,385.11,37.5,1170.04
Kulit Kopi,185.58,40.1,447.74
Sekam Padi,115.86,23.28,358.02
Tongkol Jagung,458.66,41.82,1093.34
Kulit Kopi,175.04,30.83,487.66
Jerami Padi,339.57,48.7,568.57
Tongkol Jagung,400.98,14.02,1412.57
Kulit Kopi,436.14,38.04,1088.44
Kulit Kelapa Sawit,347.82,27.76,1169.08
Limbah Pisang,330.61,48.04,298.24
Kulit Kakao,447.27,38.36,1340.19
Ampas Tebu,118.61,47.28,125.93
Kulit Kakao,265.4,21.72,1009.92
Ampas Tebu,377.67,24.32,575.61
Serbuk Gergaji,226.38,13.18,859.88
Limbah Pisang,336.66,24.94,438.71
Limbah Pisang,148.74,34.69,168.65
Kulit Kelapa Sawit,111.5,10.13,466.23
Limbah Pisang,244.57,25.6,315.9
Tongkol Jagung,185.47,11.01,676.25
Ampas Tebu,277.27,47.92,290.81
Ampas Tebu,482.56,46.07,524.1
Kulit Kakao,401.33,15.95,1639.74
Jerami Padi,285.64,31.99,634.06
Ampas Tebu,433.01,49.35,441.69
Limbah Pisang,171.28,46.4,159.39
Jerami Padi,371.98,44.56,673.1
Kulit Kopi,460.49,32.78,1246.76
Limbah Pisang,172.35,32.38,202.33
Jerami Padi,335.43,40.47,651.74
Limbah Pisang,108.53,14.67,160.78
Limbah Ubi Kayu,310.49,10.66,500.85
Serbuk Gergaji,427.57,34.68,1221.89
Serbuk Gergaji,239.75,15.99,881.19
Kulit Kakao,66.31,20.13,257.45
Ampas Tebu,447.33,46.42,482.69
Tongkol Jagung,186.83,28.44,547.78
Limbah Pisang,207.34,11.24,319.51
Jerami Padi,234.93,46.13,413.07
Kulit Kakao,348.74,16.3,1418.94
Limbah Ubi Kayu,459.75,11.25,736.72
Sekam Padi,469.32,33.5,1257.06
Limbah Pisang,145.16,15.54,212.85
Serbuk Gergaji,90.18,49.85,197.86
Ampas Tebu,50.43,30.1,70.99
Serbuk Gergaji,242.31,24.89,796.25
Limbah Pisang,103.92,28.41,129.16
Jerami Padi,456.63,10.24,1337.77
Kulit Kelapa Sawit,172.35,16.05,673.2
Ampas Tebu,331.02,26.93,487.11
Limbah Ubi Kayu,349.29,48.15,327.0
Jerami Padi,292.36,35.52,615.29
Ampas Tebu,67.41,36.45,86.27
Ampas Tebu,497.71,22.11,780.72
Serbuk Gergaji,324.99,11.39,1259.88
Serbuk Gergaji,369.03,32.67,1087.05
Limbah Ubi Kayu,125.72,35.53,146.34
Kulit Kopi,108.2,11.83,384.25
Serbuk Gergaji,155.54,14.93,578.89
Tongkol Jagung,172.65,31.91,481.66
Limbah Pisang,466.94,37.81,504.15
Kulit Kakao,362.52,24.04,1338.61
Limbah Pisang,245.73,38.76,261.26
Serbuk Gergaji,282.71,20.69,980.95
Tongkol Jagung,70.2,33.33,191.76
Tongkol Jagung,116.86,23.42,366.67
Kulit Kopi,315.29,18.67,1032.82
Ampas Tebu,134.96,47.0,144.05
Kulit Kelapa Sawit,228.98,15.42,901.11
Kulit Kelapa Sawit,156.92,16.78,607.6
Limbah Ubi Kayu,441.76,43.11,453.77
Kulit Kelapa Sawit,274.04,11.73,1125.48
Tongkol Jagung,178.13,10.65,652.11
Tongkol Jagung,491.44,21.4,1582.64
Tongkol Jagung,106.39,23.73,332.46
Ampas Tebu,207.84,19.23,338.08
Jerami Padi,397.79,46.19,698.64
Kulit Kakao,403.4,36.04,1254.24
Limbah Pisang,341.33,30.82,409.95
Ampas Tebu,388.31,34.09,515.42
Kulit Kelapa Sawit,429.05,23.4,1529.15
Kulit Kakao,70.08,16.41,284.76
Kulit Kopi,230.89,45.81,503.95
Sekam Padi,56.93,29.77,161.04
Sekam Padi,481.5,29.17,1373.66
Sekam Padi,63.02,41.04,149.66
Kulit Kopi,225.27,30.21,633.23
Serbuk Gergaji,75.06,43.03,187.08
Tongkol Jagung,233.93,43.38,542.68
Kulit Kakao,183.63,16.54,745.0
Kulit Kelapa Sawit,79.27,25.38,275.22
Jerami Padi,358.43,39.35,709.53
Ampas Tebu,77.24,17.31,128.63
Tongkol Jagung,194.34,30.9,550.21
Kulit Kelapa Sawit,366.49,14.43,1459.14
Kulit Kopi,490.57,22.85,1524.41
Jerami Padi,153.28,43.97,280.31
Jerami Padi,307.04,23.09,770.75
Kulit Kelapa Sawit,456.52,33.86,1404.87
Kulit Kopi,111.91,13.46,390.08
Tongkol Jagung,76.36,30.68,216.88
Tongkol Jagung,24.23,46.35,53.26
Tongkol Jagung,48.34,36.5,125.77
Kulit Kelapa Sawit,66.07,18.33,251.06
Jerami Padi,256.09,39.49,505.77
Kulit Kakao,485.86,48.6,1213.98
Serbuk Gergaji,431.26,15.84,1587.9
Kulit Kelapa Sawit,188.34,36.11,559.87
Ampas Tebu,275.37,41.14,326.42
Limbah Ubi Kayu,159.89,19.74,231.7
Kulit Kopi,225.7,17.68,748.35
Kulit Kelapa Sawit,365.88,21.22,1341.12
Sekam Padi,169.13,49.66,342.93
Kulit Kopi,76.79,35.53,199.4
Limbah Ubi Kayu,39.34,37.01,44.74
Sekam Padi,54.37,25.81,162.47
Sekam Padi,126.68,33.1,341.35
Jerami Padi,497.63,40.77,962.02
Kulit Kelapa Sawit,188.35,11.07,779.34
Jerami Padi,348.85,32.37,770.04
Sekam Padi,138.98,44.94,308.22
Serbuk Gergaji,101.38,47.19,234.23
Kulit Kakao,285.33,32.02,942.9
Ampas Tebu,373.11,36.37,478.12
Limbah Pisang,23.63,19.85,32.88
Kulit Kelapa Sawit,241.9,27.47,816.33
Sekam Padi,205.86,15.36,701.8
Sekam Padi,356.15,17.03,1190.2
Kulit Kelapa Sawit,381.17,16.22,1485.84
Tongkol Jagung,400.34,31.57,1122.44
Limbah Ubi Kayu,99.11,14.2,153.54
Tongkol Jagung,197.26,33.01,541.43
Sekam Padi,371.86,49.64,754.28
Kulit Kelapa Sawit,37.7,32.16,119.0
Kulit Kopi,424.09,33.45,1136.77
Kulit Kopi,383.29,39.45,934.78
Kulit Kakao,28.06,49.01,69.55
Kulit Kopi,76.75,47.34,162.79
Limbah Ubi Kayu,290.43,43.44,296.59
Limbah Ubi Kayu,300.09,44.11,302.83
Limbah Pisang,111.74,46.14,104.48
Tongkol Jagung,61.15,45.73,135.97
Ampas Tebu,189.89,24.1,290.25
Kulit Kelapa Sawit,90.57,46.15,226.93
Tongkol Jagung,320.54,12.21,1152.97
Kulit Kopi,301.09,33.04,812.04
Limbah Pisang,395.93,18.61,559.46
Jerami Padi,119.27,35.42,251.4
Limbah Pisang,176.23,48.63,157.17
Kulit Kelapa Sawit,134.31,24.22,473.56
Sekam Padi,304.38,12.17,1076.77
Ampas Tebu,462.62,21.42,732.1
Kulit Kakao,247.57,31.48,824.61
Limbah Pisang,253.76,18.04,361.08
Serbuk Gergaji,49.89,32.81,146.65
Ampas Tebu,136.51,30.92,189.91
Jerami Padi,369.63,32.55,813.74
Limbah Pisang,487.97,34.5,554.9
Limbah Ubi Kayu,290.86,13.17,456.0
Tongkol Jagung,392.44,49.66,809.42
Jerami Padi,153.27,29.36,353.38
Tongkol Jagung,263.76,39.65,652.19
Kulit Kopi,416.52,43.16,953.58
Tongkol Jagung,203.75,23.7,636.96
Kulit Kakao,498.34,29.37,1711.0
Kulit Kopi,250.97,45.38,552.13
Serbuk Gergaji,458.99,10.22,1802.86
Limbah Pisang,55.45,18.37,78.58
Limbah Pisang,212.12,37.47,230.28
Kulit Kakao,174.68,49.79,426.35
Kulit Kakao,50.76,20.7,195.67
Kulit Kakao,63.53,11.22,274.18
Jerami Padi,145.94,19.52,383.35
Serbuk Gergaji,29.82,34.34,85.66
Tongkol Jagung,134.77,38.83,337.77
Kulit Kakao,464.27,49.64,1136.56
Kulit Kelapa Sawit,132.41,24.06,467.85
Kulit Kopi,342.03,47.73,720.08
Tongkol Jagung,152.59,16.56,521.66
Serbuk Gergaji,43.42,45.91,102.75
Kulit Kopi,229.87,22.63,716.34
Kulit Kelapa Sawit,157.95,48.23,380.46
Kulit Kopi,80.66,26.78,237.88
Jerami Padi,249.01,25.72,603.7
Kulit Kopi,123.06,38.45,305.08
Jerami Padi,421.49,45.75,746.32
Sekam Padi,266.65,19.86,860.71
Ampas Tebu,25.3,46.9,27.06
Kulit Kopi,250.54,37.81,627.57
Limbah Pisang,284.53,34.85,321.83
Kulit Kopi,284.4,32.85,769.2
Sekam Padi,306.8,27.65,894.05
Serbuk Gergaji,24.11,31.6,72.15
Kulit Kopi,202.31,14.73,694.83
Kulit Kakao,219.67,21.33,840.07
Tongkol Jagung,123.29,23.45,386.69
Kulit Kopi,52.01,15.94,176.09
Tongkol Jagung,349.27,36.54,908.14
Jerami Padi,458.67,31.83,1020.54
Ampas Tebu,65.43,30.07,92.15
Limbah Pisang,195.65,20.2,271.06
Limbah Ubi Kayu,237.82,30.51,298.39
Ampas Tebu,381.98,21.02,607.57
Kulit Kakao,167.07,41.4,475.92
Limbah Pisang,391.31,49.51,343.01
Tongkol Jagung,187.24,28.4,549.29
Limbah Pisang,132.65,32.55,155.33
Jerami Padi,230.49,17.12,623.5
Kulit Kelapa Sawit,102.49,45.94,257.79
Tongkol Jagung,359.25,34.78,959.99
Limbah Ubi Kayu,189.18,36.68,216.29
Serbuk Gergaji,326.76,36.67,905.35
Limbah Ubi Kayu,323.33,34.62,381.68
Kulit Kakao,55.0,20.66,212.12
Kulit Kakao,417.25,41.2,1192.64
Limbah Ubi Kayu,21.54,49.43,19.67
Kulit Kopi,481.4,32.43,1310.16
Limbah Ubi Kayu,176.27,15.84,267.85
Limbah Pisang,423.49,29.18,520.69
Limbah Ubi Kayu,500.0,14.39,772.87
Ampas Tebu,145.52,30.14,204.73
Ampas Tebu,281.12,21.26,445.78
Sekam Padi,448.13,28.79,1285.32
Limbah Pisang,327.92,12.7,497.0
Ampas Tebu,150.25,30.07,211.6
Kulit Kopi,188.2,40.5,451.03
Jerami Padi,44.4,32.33,98.07
Ampas Tebu,174.22,22.3,272.62
Serbuk Gergaji,98.81,41.9,251.16
Kulit Kakao,370.28,47.07,952.73
Limbah Pisang,327.19,14.81,483.91
Limbah Ubi Kayu,369.32,39.66,402.36
Kulit Kelapa Sawit,315.35,22.23,1141.08
Kulit Kelapa Sawit,117.2,28.03,392.46
Limbah Ubi Kayu,308.52,12.19,489.15
Ampas Tebu,392.04,45.55,429.9
Sekam Padi,414.83,40.08,1001.17
Kulit Kakao,186.92,48.62,466.86
Sekam Padi,161.38,48.5,334.75
Kulit Kopi,360.87,35.17,942.31
Jerami Padi,499.02,21.24,1282.8
Tongkol Jagung,245.29,13.43,870.04
Sekam Padi,59.99,11.42,214.03
Jerami Padi,422.07,17.44,1137.34
Sekam Padi,157.9,10.79,567.36
Jerami Padi,146.53,37.34,299.68
Tongkol Jagung,227.86,49.51,471.37
Limbah Pisang,291.41,20.64,401.5
Limbah Pisang,337.65,49.52,295.91
Tongkol Jagung,125.63,24.43,388.98
Tongkol Jagung,112.79,45.74,250.75
Limbah Ubi Kayu,131.35,23.21,182.11
Serbuk Gergaji,464.37,21.62,1592.38
Tongkol Jagung,378.19,23.06,1192.21
Tongkol Jagung,371.35,41.64,887.95
Tongkol Jagung,193.32,22.51,613.78
Ampas Tebu,138.27,26.41,204.92
Limbah Pisang,29.14,20.95,39.99
Kulit Kopi,383.8,45.89,836.47
Limbah Pisang,57.21,26.23,73.27
Limbah Pisang,31.9,47.62,29.01
Limbah Ubi Kayu,254.72,37.45,287.67
Limbah Ubi Kayu,330.75,10.58,534.01
Limbah Pisang,229.83,26.27,294.19
Kulit Kakao,330.58,34.17,1057.88
Kulit Kakao,385.08,32.41,1265.23
Kulit Kopi,457.74,39.79,1110.08
Jerami Padi,152.76,31.78,340.14
Sekam Padi,32.54,44.22,73.11
Jerami Padi,192.22,22.29,487.54
Kulit Kakao,314.42,36.19,975.29
Serbuk Gergaji,145.86,21.51,500.87
Ampas Tebu,153.9,22.27,240.91
Kulit Kakao,25.11,13.2,105.95
Limbah Pisang,150.98,49.97,131.14
Kulit Kelapa Sawit,479.13,15.75,1878.17
Kulit Kakao,385.37,44.99,1030.52
Sekam Padi,192.45,24.67,583.92
Kulit Kakao,150.66,27.35,532.07
Tongkol Jagung,360.54,17.68,1216.04
Limbah Ubi Kayu,361.03,45.28,356.7
Kulit Kelapa Sawit,424.57,12.26,1733.24
Serbuk Gergaji,476.26,30.5,1448.13
Kulit Kakao,399.02,10.92,1727.87
Jerami Padi,357.73,41.16,687.01
Jerami Padi,346.64,26.63,830.1
Tongkol Jagung,362.24,41.89,862.46
Sekam Padi,494.18,42.56,1143.31
Limbah Ubi Kayu,26.44,14.32,40.9
Kulit Kopi,46.42,14.71,159.47
Jerami Padi,418.32,10.45,1222.67
Tongkol Jagung,205.28,29.88,589.76
Serbuk Gergaji,210.6,48.64,473.22
Sekam Padi,74.55,41.16,176.68
Limbah Pisang,164.37,18.26,233.26
Limbah Ubi Kayu,110.67,48.58,102.75
Kulit Kakao,296.97,20.63,1145.79
Ampas Tebu,387.38,13.91,671.62
Tongkol Jagung,91.37,30.1,261.68
Limbah Ubi Kayu,378.49,34.74,445.98
Kulit Kopi,284.03,38.19,707.11
Limbah Pisang,446.52,36.31,493.73
Sekam Padi,176.79,33.03,476.87
Kulit Kelapa Sawit,188.45,37.23,550.38
Limbah Pisang,380.54,15.72,556.8
Limbah Ubi Kayu,280.68,28.25,363.62
Sekam Padi,370.97,19.97,1195.8
Jerami Padi,329.17,27.37,780.32
Tongkol Jagung,413.01,44.4,940.86
Kulit Kakao,415.35,47.59,1058.19
Limbah Ubi Kayu,265.82,16.78,399.42
Limbah Ubi Kayu,154.54,15.86,234.78
Tongkol Jagung,422.59,47.33,911.95
Jerami Padi,103.4,17.5,278.43
Kulit Kakao,116.02,35.32,364.79
Jerami Padi,328.84,45.7,582.8
Kulit Kakao,157.09,47.63,399.91
Kulit Kopi,328.45,21.1,1043.79
Serbuk Gergaji,131.68,43.93,323.02
Sekam Padi,83.97,44.45,187.88
Kulit Kopi,429.87,36.93,1092.01
Tongkol Jagung,379.93,38.32,960.15
Jerami Padi,210.63,47.9,358.17
Ampas Tebu,271.41,47.16,288.82
Tongkol Jagung,180.25,18.2,604.11
Sekam Padi,304.82,47.3,647.02
Kulit Kopi,495.35,27.09,1454.67
Tongkol Jagung,129.58,36.49,337.19
Tongkol Jagung,461.36,23.2,1451.75
Limbah Ubi Kayu,158.21,24.52,215.61
Sekam Padi,93.65,24.14,286.14
Kulit Kelapa Sawit,497.84,38.66,1420.84
Kulit Kakao,150.03,35.22,472.45
Limbah Ubi Kayu,489.43,25.89,654.9
Kulit Kelapa Sawit,477.89,29.44,1568.91
Ampas Tebu,249.33,47.88,261.71
Serbuk Gergaji,343.97,43.81,845.59
Jerami Padi,371.66,22.89,935.39
Ampas Tebu,341.04,14.31,588.53
Ampas Tebu,466.49,25.77,697.36
Kulit Kopi,337.06,45.84,735.28
Ampas Tebu,340.1,38.61,420.47
Limbah Ubi Kayu,385.42,14.32,596.24
Limbah Ubi Kayu,167.66,41.15,178.15
Limbah Ubi Kayu,125.3,24.69,170.38
Kulit Kakao,408.45,31.88,1352.54
Kulit Kakao,228.18,18.75,901.23
Jerami Padi,428.21,16.45,1167.72
Limbah Pisang,355.6,12.36,541.06
Serbuk Gergaji,274.19,21.55,941.07
Tongkol Jagung,464.61,46.44,1019.57
Tongkol Jagung,453.57,32.37,1256.82
Tongkol Jagung,375.22,39.1,936.25
Serbuk Gergaji,86.27,42.46,217.17
Kulit Kelapa Sawit,372.73,16.89,1441.32
Serbuk Gergaji,237.56,43.68,585.35
Ampas Tebu,381.18,48.83,392.81
Limbah Ubi Kayu,141.57,30.48,177.7
Limbah Pisang,62.27,19.12,87.44
Tongkol Jagung,339.97,29.19,986.34
Kulit Kakao,382.42,31.86,1266.71
Kulit Kelapa Sawit,363.88,43.26,960.64
Kulit Kopi,148.97,46.8,319.21
Kulit Kakao,119.55,27.42,421.8
Limbah Ubi Kayu,354.47,36.5,406.41
Kulit Kakao,420.61,42.84,1168.71
Ampas Tebu,332.77,44.42,372.48
Kulit Kopi,30.57,44.42,68.44
Sekam Padi,337.43,25.93,1006.68
Sekam Padi,107.92,17.33,359.35
Kulit Kelapa Sawit,376.71,18.4,1430.24
Sekam Padi,88.28,14.42,304.3
Kulit Kelapa Sawit,187.06,41.25,511.33
Sekam Padi,366.74,23.8,1125.59
Limbah Pisang,377.91,19.88,525.66
Limbah Pisang,193.1,30.68,232.39
Serbuk Gergaji,352.92,46.31,828.99
Kulit Kakao,236.22,38.48,706.43
Sekam Padi,489.99,15.1,1675.56
Sekam Padi,382.0,24.21,1166.11
Ampas Tebu,256.36,23.2,396.5
Ampas Tebu,411.28,13.33,717.86
Kulit Kopi,311.62,46.66,669.49
Limbah Pisang,92.87,46.02,87.03
Tongkol Jagung,338.05,47.7,724.39
Serbuk Gergaji,276.26,15.86,1016.95
Limbah Ubi Kayu,216.67,24.79,294.23
Jerami Padi,65.12,46.11,114.54
Ampas Tebu,340.73,11.66,606.18
Kulit Kopi,443.75,41.11,1052.56
Limbah Ubi Kayu,498.14,22.23,699.48
Limbah Pisang,182.57,19.34,255.66
Kulit Kopi,189.32,25.07,571.37
Kulit Kakao,247.92,34.53,789.02
Kulit Kelapa Sawit,257.35,10.61,1070.35
Kulit Kakao,451.74,47.88,1144.53
Jerami Padi,283.51,18.23,756.65
Kulit Kelapa Sawit,311.75,44.62,803.29
Limbah Ubi Kayu,237.53,11.25,380.63
Serbuk Gergaji,359.0,34.13,1034.57
Kulit Kelapa Sawit,43.73,19.82,163.14
Kulit Kelapa Sawit,462.19,24.41,1625.54
Kulit Kopi,389.51,30.05,1097.42
Serbuk Gergaji,367.18,49.85,805.62
Sekam Padi,121.17,40.1,292.34
Kulit Kakao,166.76,46.84,430.94
Kulit Kelapa Sawit,162.84,35.09,491.8
Kulit Kopi,197.19,24.73,597.82
Tongkol Jagung,177.93,34.18,479.84
Kulit Kelapa Sawit,78.16,31.4,249.47
Kulit Kelapa Sawit,171.88,12.76,697.68
Ampas Tebu,211.25,20.91,336.48
Kulit Kakao,257.31,17.66,1029.92
Jerami Padi,52.99,34.1,113.98
Sekam Padi,172.84,40.97,410.94
Kulit Kopi,274.13,31.01,761.74
Serbuk Gergaji,50.2,44.15,122.66
Limbah Ubi Kayu,412.84,32.09,506.2
Kulit Kopi,53.14,41.22,125.81
Limbah Ubi Kayu,444.97,36.29,511.86
Limbah Ubi Kayu,462.26,34.52,546.52
Jerami Padi,96.25,25.94,232.66
Ampas Tebu,222.27,41.41,262.26
Kulit Kakao,195.02,11.03,843.45
Kulit Kakao,147.14,43.55,403.77
Jerami Padi,92.34,41.7,175.71
Tongkol Jagung,119.95,16.06,412.53
Tongkol Jagung,436.88,38.46,1101.56
Serbuk Gergaji,19.67,10.97,76.62
Limbah Pisang,476.29,21.57,648.53
Limbah Pisang,389.49,46.95,358.72
Limbah Ubi Kayu,402.56,15.79,612.08
Kulit Kelapa Sawit,196.37,17.76,751.4
Sekam Padi,372.77,10.6,1342.28
Jerami Padi,165.88,11.51,479.1
Limbah Ubi Kayu,482.7,37.37,545.85
Kulit Kopi,196.0,39.56,477.14
Ampas Tebu,409.3,19.44,664.04
Limbah Pisang,413.17,13.41,621.12
Limbah Pisang,187.5,32.7,219.08
Sekam Padi,217.66,46.03,473.15
Kulit Kelapa Sawit,71.38,26.86,242.91
Sekam Padi,22.12,38.71,54.61
Serbuk Gergaji,104.98,10.8,409.68
Jerami Padi,339.01,26.37,814.71
Ampas Tebu,133.93,27.86,194.58
Limbah Pisang,439.52,18.57,621.36
Sekam Padi,311.5,38.12,776.38
Kulit Kopi,443.99,28.9,1271.48
Jerami Padi,93.55,28.8,217.4
Kulit Kelapa Sawit,442.41,31.82,1403.44
Kulit Kopi,88.26,15.92,298.9
Limbah Pisang,200.85,20.42,277.49
Ampas Tebu,212.88,18.67,348.68
Kulit Kopi,19.53,35.45,50.78
Serbuk Gergaji,380.09,19.14,1344.62
Limbah Ubi Kayu,450.22,44.81,448.64
Sekam Padi,228.81,45.98,497.85
Tongkol Jagung,61.0,24.56,188.55
Tongkol Jagung,429.2,43.26,997.79
Kulit Kakao,263.05,20.39,1017.99
Limbah Pisang,326.4,37.84,352.24
Tongkol Jagung,333.87,21.39,1075.34
Limbah Pisang,58.36,38.89,61.92
Kulit Kopi,77.94,36.35,199.81
Ampas Tebu,220.45,31.56,303.85
Tongkol Jagung,454.61,21.57,1460.87
Tongkol Jagung,299.9,44.9,677.05
Sekam Padi,386.9,33.83,1031.16
Kulit Kelapa Sawit,246.52,29.64,807.03
Limbah Ubi Kayu,279.06,15.32,426.67
Kulit Kelapa Sawit,163.75,38.69,467.12
Tongkol Jagung,92.8,25.05,284.98
Kulit Kelapa Sawit,136.61,36.26,405.14
Limbah Pisang,377.9,45.77,355.79
Jerami Padi,331.66,31.25,744.22
Tongkol Jagung,234.84,32.86,646.02
Jerami Padi,278.82,49.42,460.3
Sekam Padi,190.96,34.87,500.94
Limbah Pisang,210.59,21.66,286.42
Limbah Ubi Kayu,104.12,42.3,108.47
Limbah Ubi Kayu,222.3,24.18,304.32
Kulit Kakao,157.83,25.7,570.05
Serbuk Gergaji,332.97,21.01,1150.68
Kulit Kakao,467.73,12.73,1984.25
Limbah Ubi Kayu,408.59,43.39,417.63
Jerami Padi,234.33,47.13,404.36
Limbah Ubi Kayu,356.4,47.9,335.26
Serbuk Gergaji,92.69,11.65,358.28
Jerami Padi,42.76,12.2,122.54
Jerami Padi,214.01,24.98,524.02
Limbah Ubi Kayu,104.45,30.52,131.03
Kulit Kelapa Sawit,152.92,27.23,517.76
Jerami Padi,223.49,30.65,505.87
Kulit Kelapa Sawit,498.31,21.83,1812.39
Limbah Ubi Kayu,55.14,36.76,62.96
Kulit Kelapa Sawit,82.77,38.26,237.77
Kulit Kopi,408.48,31.08,1133.92
Kulit Kakao,66.02,14.37,274.81
Kulit Kelapa Sawit,49.2,46.15,123.27
Kulit Kakao,469.5,29.64,1605.82
Kulit Kakao,485.69,16.06,1981.82
Sekam Padi,109.51,31.81,300.77
Limbah Ubi Kayu,297.82,18.24,439.65
Serbuk Gergaji,226.66,20.57,787.66
Kulit Kelapa Sawit,120.17,48.55,287.67
Kulit Kopi,415.65,11.04,1489.32
Limbah Ubi Kayu,54.83,45.9,53.56
Tongkol Jagung,361.5,16.26,1240.31
Jerami Padi,422.59,44.94,759.44
Jerami Padi,479.13,16.91,1299.38
Ampas Tebu,418.61,19.71,676.87
Kulit Kakao,424.09,21.76,1612.96
Ampas Tebu,329.46,42.85,379.19
Kulit Kakao,328.09,24.3,1207.33
Kulit Kelapa Sawit,141.6,26.75,482.6
Limbah Pisang,238.17,49.54,208.65
Limbah Pisang,307.05,43.95,298.79
Ampas Tebu,430.21,45.69,470.54
Sekam Padi,124.52,24.62,378.06
Jerami Padi,334.04,21.05,860.77
Sekam Padi,179.28,29.29,510.6
Sekam Padi,185.25,12.13,655.64
Limbah Ubi Kayu,240.42,40.96,256.29
Sekam Padi,119.98,27.29,351.37
Serbuk Gergaji,174.33,32.24,516.8
Limbah Ubi Kayu,389.16,30.6,487.64
Kulit Kelapa Sawit,71.43,19.61,267.17
Kulit Kopi,16.11,46.74,34.56
Serbuk Gergaji,338.51,19.06,1198.71
Sekam Padi,302.09,32.16,825.44
Sekam Padi,165.66,29.93,467.54
Sekam Padi,86.2,13.03,301.96
Limbah Ubi Kayu,51.37,38.22,57.3
Sekam Padi,166.4,22.15,521.77
Kulit Kopi,44.8,36.23,115.07
Tongkol Jagung,135.06,27.43,401.58
Tongkol Jagung,141.27,18.56,471.39
Kulit Kakao,278.65,33.01,907.41
Kulit Kakao,430.46,27.26,1522.09
Sekam Padi,444.78,38.52,1101.4
Kulit Kelapa Sawit,66.64,12.24,272.11
Limbah Pisang,62.22,20.68,85.68
Kulit Kelapa Sawit,180.37,26.07,620.44
Limbah Pisang,424.99,36.14,471.18
Limbah Ubi Kayu,362.71,12.43,573.49
Tongkol Jagung,130.93,49.54,270.69
Limbah Pisang,297.49,24.17,391.64
Limbah Ubi Kayu,438.83,39.56,478.89
Kulit Kopi,453.46,10.27,1638.86
Serbuk Gergaji,283.39,31.57,848.42
Serbuk Gergaji,472.95,26.16,1527.86
Kulit Kakao,269.18,17.98,1073.24
Kulit Kelapa Sawit,86.02,30.03,280.04
Serbuk Gergaji,453.63,43.32,1124.89
Limbah Pisang,337.91,48.6,301.54
Jerami Padi,336.14,32.85,736.72
Kulit Kopi,49.36,13.73,171.51
Ampas Tebu,136.97,19.73,221.42
Limbah Ubi Kayu,368.61,11.66,587.94
Kulit Kelapa Sawit,88.44,24.21,311.87
Serbuk Gergaji,32.63,19.7,114.63
Serbuk Gergaji,460.39,38.2,1244.78
Sekam Padi,38.42,23.81,117.9
Jerami Padi,265.83,10.89,773.15
Kulit Kelapa Sawit,354.11,45.06,905.19
Jerami Padi,85.43,32.42,188.44
Serbuk Gergaji,442.87,41.14,1140.45
Kulit Kopi,250.83,30.14,705.79
Limbah Pisang,180.68,33.82,207.59
Limbah Pisang,102.26,29.62,124.95
Sekam Padi,391.54,19.62,1267.62
Serbuk Gergaji,333.35,14.3,1249.85
Jerami Padi,471.87,45.26,843.07
Limbah Ubi Kayu,158.11,24.54,215.42
Kulit Kelapa Sawit,345.16,17.6,1323.31
Kulit Kopi,56.0,38.21,139.37
Ampas Tebu,498.82,30.28,700.38
Serbuk Gergaji,334.24,28.83,1040.72
Limbah Ubi Kayu,349.37,49.36,319.44
Limbah Ubi Kayu,482.82,47.07,461.42
Limbah Ubi Kayu,50.94,28.83,65.46
Sekam Padi,454.4,47.63,958.49
Ampas Tebu,165.86,29.71,234.79
Jerami Padi,289.98,27.46,686.56
Kulit Kakao,335.91,31.98,1110.7
Limbah Ubi Kayu,56.07,34.44,66.37
Kulit Kopi,282.74,41.35,667.91
Kulit Kopi,13.1,46.55,28.2
Kulit Kakao,17.46,37.67,52.9
Jerami Padi,458.94,24.79,1126.59
Ampas Tebu,226.77,21.04,360.6
Limbah Pisang,492.85,34.83,557.62
Kulit Kopi,103.78,32.55,281.94
Serbuk Gergaji,431.51,33.09,1263.16
Ampas Tebu,468.21,16.08,791.3
Limbah Pisang,221.95,18.77,313.0
Sekam Padi,317.5,25.89,947.73
Sekam Padi,180.76,48.16,377.43
Ampas Tebu,289.02,11.47,515.29
Ampas Tebu,366.22,16.38,616.72
Serbuk Gergaji,457.69,31.71,1367.43
Tongkol Jagung,371.89,25.97,1128.01
Ampas Tebu,184.82,22.69,287.75
Ampas Tebu,485.11,37.85,607.18
Limbah Pisang,162.17,49.05,143.45
Limbah Pisang,203.0,15.9,296.39
Jerami Padi,51.64,27.18,122.74
Jerami Padi,231.51,18.01,619.54
Kulit Kakao,144.11,28.68,499.62
Kulit Kakao,177.56,45.29,472.22
Kulit Kopi,477.61,22.52,1490.49
Serbuk Gergaji,247.43,45.95,585.09
Kulit Kakao,392.92,41.31,1121.0
Limbah Pisang,200.55,20.62,276.38
Kulit Kakao,482.58,30.27,1635.78
Kulit Kakao,179.73,43.8,491.01
Ampas Tebu,133.82,14.17,231.31
Sekam Padi,421.72,33.69,1126.34
Kulit Kakao,311.88,42.77,867.65
Serbuk Gergaji,325.8,30.51,990.49
Serbuk Gergaji,320.71,20.21,1119.54
Kulit Kopi,300.55,47.56,634.81
Jerami Padi,426.17,34.39,912.62
Tongkol Jagung,252.22,25.97,765.03
Serbuk Gergaji,142.96,23.19,480.41
Kulit Kakao,243.43,17.07,981.34
Jerami Padi,156.57,18.32,417.41
Kulit Kakao,420.92,32.39,1383.39
Kulit Kakao,69.56,32.2,229.26
Jerami Padi,374.68,34.72,798.32
Sekam Padi,409.02,13.15,1430.8
Limbah Ubi Kayu,485.15,17.69,721.01
Jerami Padi,86.31,37.77,175.31
Sekam Padi,204.98,47.99,429.4
Kulit Kakao,198.16,36.42,612.45
Limbah Ubi Kayu,477.56,41.06,508.22
Kulit Kelapa Sawit,163.14,47.5,398.5
Kulit Kelapa Sawit,239.78,39.32,676.97
Serbuk Gergaji,457.5,25.99,1481.36
Sekam Padi,130.55,48.89,268.75
Limbah Pisang,275.7,30.76,331.41
Serbuk Gergaji,212.7,29.63,654.84
Sekam Padi,395.09,38.97,971.19
Kulit Kakao,494.61,10.48,2152.38
Kulit Kakao,423.63,34.23,1354.41
Kulit Kelapa Sawit,332.95,16.77,1289.35
Jerami Padi,211.93,46.84,367.72
Serbuk Gergaji,128.69,36.76,356.05
Serbuk Gergaji,364.13,33.9,1053.02
Limbah Ubi Kayu,395.55,27.04,521.07
Sekam Padi,479.47,45.57,1051.15
Limbah Pisang,375.54,19.28,526.28
Sekam Padi,162.47,42.78,374.44
Limbah Ubi Kayu,433.14,42.44,450.15
Kulit Kakao,286.6,36.19,889.0
Kulit Kelapa Sawit,487.75,12.19,1992.75
Ampas Tebu,229.76,17.01,384.0
Kulit Kopi,100.03,45.05,221.39
Serbuk Gergaji,25.28,17.46,91.29
Kulit Kelapa Sawit,78.53,29.5,257.59
Jerami Padi,66.83,36.69,138.1
Serbuk Gergaji,135.33,38.53,363.94
Limbah Ubi Kayu,412.67,12.69,650.55
Kulit Kelapa Sawit,303.76,21.85,1104.52
Jerami Padi,192.49,22.67,485.84
Ampas Tebu,346.56,24.35,527.99
Ampas Tebu,163.93,38.88,201.78
Sekam Padi,464.47,40.66,1110.12
Serbuk Gergaji,113.27,28.99,351.89
Limbah Pisang,328.9,30.96,394.22
Serbuk Gergaji,441.99,17.92,1587.19
Ampas Tebu,21.0,35.97,27.08
Ampas Tebu,14.55,40.23,17.51
Sekam Padi,468.61,41.48,1104.54
Kulit Kakao,114.59,37.26,349.48
Sekam Padi,492.26,38.31,1223.14
Jerami Padi,42.28,37.42,86.36
Kulit Kakao,247.31,45.48,655.44
Tongkol Jagung,327.38,21.79,1049.07
Ampas Tebu,168.59,16.61,283.13
Ampas Tebu,274.96,11.93,487.68
Limbah Pisang,437.16,33.01,508.43
Kulit Kopi,174.41,38.7,430.62
Ampas Tebu,318.36,11.57,566.96
Sekam Padi,109.36,11.38,390.35
Kulit Kelapa Sawit,369.44,12.95,1496.32
Tongkol Jagung,199.94,40.75,485.38
Jerami Padi,37.54,22.26,95.25
Kulit Kopi,47.11,41.53,110.95
Limbah Ubi Kayu,185.44,33.38,223.06
Kulit Kelapa Sawit,363.93,26.97,1236.61
Sekam Padi,420.49,34.74,1105.27
Serbuk Gergaji,161.6,44.95,389.2
Sekam Padi,388.24,14.83,1331.84
Serbuk Gergaji,262.1,28.53,819.54
Kulit Kopi,182.73,23.39,563.85
Kulit Kelapa Sawit,33.45,14.15,133.61
Limbah Pisang,22.06,48.91,19.57
Serbuk Gergaji,167.38,44.99,402.83
Serbuk Gergaji,75.23,44.35,183.16
Ampas Tebu,444.56,23.11,688.39
Limbah Ubi Kayu,27.45,13.22,43.01
Jerami Padi,146.9,35.86,307.53
Kulit Kakao,417.96,45.35,1110.35
Limbah Ubi Kayu,130.21,25.7,174.68
Kulit Kopi,433.38,35.3,1129.38
Kulit Kelapa Sawit,110.57,38.07,318.6
Kulit Kopi,383.5,15.02,1312.65
Serbuk Gergaji,333.06,11.02,1296.56
Serbuk Gergaji,325.06,16.06,1193.74
Jerami Padi,389.51,36.1,812.37
Ampas Tebu,453.48,15.51,771.61
Jerami Padi,388.6,32.51,856.01
Tongkol Jagung,209.0,44.79,472.77
Kulit Kelapa Sawit,54.86,40.21,152.61
Limbah Pisang,195.21,15.55,286.21
Jerami Padi,93.26,19.54,244.91
Kulit Kopi,235.15,49.23,480.86
